-- V2__sample_data.sql — development sample data for History RAG
-- Adds 20 rows per table based on V1__init.sql.
-- Sample login password for all seeded admin/member accounts: Password@123

SET NAMES utf8mb4;

INSERT INTO admin (admin_id, username, email, password_hash, full_name, status, created_at, updated_at) VALUES
    (1, 'admin01', 'admin01@historyrag.local', '$2a$12$suDFoge3YdvkKOYkTg3sD.bTbQAevcLRzZw/NxRPl3g5lutDXUk4u', 'Quản trị viên 01', 'ACTIVE', '2026-01-01 08:00:00', '2026-01-01 08:00:00'),
    (2, 'admin02', 'admin02@historyrag.local', '$2a$12$suDFoge3YdvkKOYkTg3sD.bTbQAevcLRzZw/NxRPl3g5lutDXUk4u', 'Quản trị viên 02', 'ACTIVE', '2026-01-02 08:00:00', '2026-01-02 08:00:00'),
    (3, 'admin03', 'admin03@historyrag.local', '$2a$12$suDFoge3YdvkKOYkTg3sD.bTbQAevcLRzZw/NxRPl3g5lutDXUk4u', 'Quản trị viên 03', 'ACTIVE', '2026-01-03 08:00:00', '2026-01-03 08:00:00'),
    (4, 'admin04', 'admin04@historyrag.local', '$2a$12$suDFoge3YdvkKOYkTg3sD.bTbQAevcLRzZw/NxRPl3g5lutDXUk4u', 'Quản trị viên 04', 'ACTIVE', '2026-01-04 08:00:00', '2026-01-04 08:00:00'),
    (5, 'admin05', 'admin05@historyrag.local', '$2a$12$suDFoge3YdvkKOYkTg3sD.bTbQAevcLRzZw/NxRPl3g5lutDXUk4u', 'Quản trị viên 05', 'ACTIVE', '2026-01-05 08:00:00', '2026-01-05 08:00:00'),
    (6, 'admin06', 'admin06@historyrag.local', '$2a$12$suDFoge3YdvkKOYkTg3sD.bTbQAevcLRzZw/NxRPl3g5lutDXUk4u', 'Quản trị viên 06', 'ACTIVE', '2026-01-06 08:00:00', '2026-01-06 08:00:00'),
    (7, 'admin07', 'admin07@historyrag.local', '$2a$12$suDFoge3YdvkKOYkTg3sD.bTbQAevcLRzZw/NxRPl3g5lutDXUk4u', 'Quản trị viên 07', 'ACTIVE', '2026-01-07 08:00:00', '2026-01-07 08:00:00'),
    (8, 'admin08', 'admin08@historyrag.local', '$2a$12$suDFoge3YdvkKOYkTg3sD.bTbQAevcLRzZw/NxRPl3g5lutDXUk4u', 'Quản trị viên 08', 'ACTIVE', '2026-01-08 08:00:00', '2026-01-08 08:00:00'),
    (9, 'admin09', 'admin09@historyrag.local', '$2a$12$suDFoge3YdvkKOYkTg3sD.bTbQAevcLRzZw/NxRPl3g5lutDXUk4u', 'Quản trị viên 09', 'ACTIVE', '2026-01-09 08:00:00', '2026-01-09 08:00:00'),
    (10, 'admin10', 'admin10@historyrag.local', '$2a$12$suDFoge3YdvkKOYkTg3sD.bTbQAevcLRzZw/NxRPl3g5lutDXUk4u', 'Quản trị viên 10', 'ACTIVE', '2026-01-10 08:00:00', '2026-01-10 08:00:00'),
    (11, 'admin11', 'admin11@historyrag.local', '$2a$12$suDFoge3YdvkKOYkTg3sD.bTbQAevcLRzZw/NxRPl3g5lutDXUk4u', 'Quản trị viên 11', 'ACTIVE', '2026-01-11 08:00:00', '2026-01-11 08:00:00'),
    (12, 'admin12', 'admin12@historyrag.local', '$2a$12$suDFoge3YdvkKOYkTg3sD.bTbQAevcLRzZw/NxRPl3g5lutDXUk4u', 'Quản trị viên 12', 'ACTIVE', '2026-01-12 08:00:00', '2026-01-12 08:00:00'),
    (13, 'admin13', 'admin13@historyrag.local', '$2a$12$suDFoge3YdvkKOYkTg3sD.bTbQAevcLRzZw/NxRPl3g5lutDXUk4u', 'Quản trị viên 13', 'ACTIVE', '2026-01-13 08:00:00', '2026-01-13 08:00:00'),
    (14, 'admin14', 'admin14@historyrag.local', '$2a$12$suDFoge3YdvkKOYkTg3sD.bTbQAevcLRzZw/NxRPl3g5lutDXUk4u', 'Quản trị viên 14', 'ACTIVE', '2026-01-14 08:00:00', '2026-01-14 08:00:00'),
    (15, 'admin15', 'admin15@historyrag.local', '$2a$12$suDFoge3YdvkKOYkTg3sD.bTbQAevcLRzZw/NxRPl3g5lutDXUk4u', 'Quản trị viên 15', 'ACTIVE', '2026-01-15 08:00:00', '2026-01-15 08:00:00'),
    (16, 'admin16', 'admin16@historyrag.local', '$2a$12$suDFoge3YdvkKOYkTg3sD.bTbQAevcLRzZw/NxRPl3g5lutDXUk4u', 'Quản trị viên 16', 'ACTIVE', '2026-01-16 08:00:00', '2026-01-16 08:00:00'),
    (17, 'admin17', 'admin17@historyrag.local', '$2a$12$suDFoge3YdvkKOYkTg3sD.bTbQAevcLRzZw/NxRPl3g5lutDXUk4u', 'Quản trị viên 17', 'ACTIVE', '2026-01-17 08:00:00', '2026-01-17 08:00:00'),
    (18, 'admin18', 'admin18@historyrag.local', '$2a$12$suDFoge3YdvkKOYkTg3sD.bTbQAevcLRzZw/NxRPl3g5lutDXUk4u', 'Quản trị viên 18', 'ACTIVE', '2026-01-18 08:00:00', '2026-01-18 08:00:00'),
    (19, 'admin19', 'admin19@historyrag.local', '$2a$12$suDFoge3YdvkKOYkTg3sD.bTbQAevcLRzZw/NxRPl3g5lutDXUk4u', 'Quản trị viên 19', 'ACTIVE', '2026-01-19 08:00:00', '2026-01-19 08:00:00'),
    (20, 'admin20', 'admin20@historyrag.local', '$2a$12$suDFoge3YdvkKOYkTg3sD.bTbQAevcLRzZw/NxRPl3g5lutDXUk4u', 'Quản trị viên 20', 'LOCKED', '2026-01-20 08:00:00', '2026-01-20 08:00:00');

INSERT INTO member (member_id, username, email, password_hash, full_name, status, created_at, updated_at) VALUES
    (1, 'member01', 'member01@historyrag.local', '$2a$12$suDFoge3YdvkKOYkTg3sD.bTbQAevcLRzZw/NxRPl3g5lutDXUk4u', 'Thành viên 01', 'ACTIVE', '2026-02-01 09:00:00', '2026-02-01 09:00:00'),
    (2, 'member02', 'member02@historyrag.local', '$2a$12$suDFoge3YdvkKOYkTg3sD.bTbQAevcLRzZw/NxRPl3g5lutDXUk4u', 'Thành viên 02', 'ACTIVE', '2026-02-02 09:00:00', '2026-02-02 09:00:00'),
    (3, 'member03', 'member03@historyrag.local', '$2a$12$suDFoge3YdvkKOYkTg3sD.bTbQAevcLRzZw/NxRPl3g5lutDXUk4u', 'Thành viên 03', 'ACTIVE', '2026-02-03 09:00:00', '2026-02-03 09:00:00'),
    (4, 'member04', 'member04@historyrag.local', '$2a$12$suDFoge3YdvkKOYkTg3sD.bTbQAevcLRzZw/NxRPl3g5lutDXUk4u', 'Thành viên 04', 'ACTIVE', '2026-02-04 09:00:00', '2026-02-04 09:00:00'),
    (5, 'member05', 'member05@historyrag.local', '$2a$12$suDFoge3YdvkKOYkTg3sD.bTbQAevcLRzZw/NxRPl3g5lutDXUk4u', 'Thành viên 05', 'ACTIVE', '2026-02-05 09:00:00', '2026-02-05 09:00:00'),
    (6, 'member06', 'member06@historyrag.local', '$2a$12$suDFoge3YdvkKOYkTg3sD.bTbQAevcLRzZw/NxRPl3g5lutDXUk4u', 'Thành viên 06', 'ACTIVE', '2026-02-06 09:00:00', '2026-02-06 09:00:00'),
    (7, 'member07', 'member07@historyrag.local', '$2a$12$suDFoge3YdvkKOYkTg3sD.bTbQAevcLRzZw/NxRPl3g5lutDXUk4u', 'Thành viên 07', 'ACTIVE', '2026-02-07 09:00:00', '2026-02-07 09:00:00'),
    (8, 'member08', 'member08@historyrag.local', '$2a$12$suDFoge3YdvkKOYkTg3sD.bTbQAevcLRzZw/NxRPl3g5lutDXUk4u', 'Thành viên 08', 'ACTIVE', '2026-02-08 09:00:00', '2026-02-08 09:00:00'),
    (9, 'member09', 'member09@historyrag.local', '$2a$12$suDFoge3YdvkKOYkTg3sD.bTbQAevcLRzZw/NxRPl3g5lutDXUk4u', 'Thành viên 09', 'ACTIVE', '2026-02-09 09:00:00', '2026-02-09 09:00:00'),
    (10, 'member10', 'member10@historyrag.local', '$2a$12$suDFoge3YdvkKOYkTg3sD.bTbQAevcLRzZw/NxRPl3g5lutDXUk4u', 'Thành viên 10', 'ACTIVE', '2026-02-10 09:00:00', '2026-02-10 09:00:00'),
    (11, 'member11', 'member11@historyrag.local', '$2a$12$suDFoge3YdvkKOYkTg3sD.bTbQAevcLRzZw/NxRPl3g5lutDXUk4u', 'Thành viên 11', 'ACTIVE', '2026-02-11 09:00:00', '2026-02-11 09:00:00'),
    (12, 'member12', 'member12@historyrag.local', '$2a$12$suDFoge3YdvkKOYkTg3sD.bTbQAevcLRzZw/NxRPl3g5lutDXUk4u', 'Thành viên 12', 'ACTIVE', '2026-02-12 09:00:00', '2026-02-12 09:00:00'),
    (13, 'member13', 'member13@historyrag.local', '$2a$12$suDFoge3YdvkKOYkTg3sD.bTbQAevcLRzZw/NxRPl3g5lutDXUk4u', 'Thành viên 13', 'ACTIVE', '2026-02-13 09:00:00', '2026-02-13 09:00:00'),
    (14, 'member14', 'member14@historyrag.local', '$2a$12$suDFoge3YdvkKOYkTg3sD.bTbQAevcLRzZw/NxRPl3g5lutDXUk4u', 'Thành viên 14', 'ACTIVE', '2026-02-14 09:00:00', '2026-02-14 09:00:00'),
    (15, 'member15', 'member15@historyrag.local', '$2a$12$suDFoge3YdvkKOYkTg3sD.bTbQAevcLRzZw/NxRPl3g5lutDXUk4u', 'Thành viên 15', 'ACTIVE', '2026-02-15 09:00:00', '2026-02-15 09:00:00'),
    (16, 'member16', 'member16@historyrag.local', '$2a$12$suDFoge3YdvkKOYkTg3sD.bTbQAevcLRzZw/NxRPl3g5lutDXUk4u', 'Thành viên 16', 'ACTIVE', '2026-02-16 09:00:00', '2026-02-16 09:00:00'),
    (17, 'member17', 'member17@historyrag.local', '$2a$12$suDFoge3YdvkKOYkTg3sD.bTbQAevcLRzZw/NxRPl3g5lutDXUk4u', 'Thành viên 17', 'ACTIVE', '2026-02-17 09:00:00', '2026-02-17 09:00:00'),
    (18, 'member18', 'member18@historyrag.local', '$2a$12$suDFoge3YdvkKOYkTg3sD.bTbQAevcLRzZw/NxRPl3g5lutDXUk4u', 'Thành viên 18', 'ACTIVE', '2026-02-18 09:00:00', '2026-02-18 09:00:00'),
    (19, 'member19', 'member19@historyrag.local', '$2a$12$suDFoge3YdvkKOYkTg3sD.bTbQAevcLRzZw/NxRPl3g5lutDXUk4u', 'Thành viên 19', 'ACTIVE', '2026-02-19 09:00:00', '2026-02-19 09:00:00'),
    (20, 'member20', 'member20@historyrag.local', '$2a$12$suDFoge3YdvkKOYkTg3sD.bTbQAevcLRzZw/NxRPl3g5lutDXUk4u', 'Thành viên 20', 'LOCKED', '2026-02-20 09:00:00', '2026-02-20 09:00:00');

INSERT INTO period (period_id, name, slug, start_year, end_year, description, created_at, updated_at) VALUES
    (1, 'Thời Văn Lang', 'thoi-van-lang', -2879, -258, 'Giai đoạn truyền thuyết gắn với các vua Hùng và nền văn minh sông Hồng.', '2026-03-01 08:00:00', '2026-03-01 08:00:00'),
    (2, 'Thời Âu Lạc', 'thoi-au-lac', -257, -179, 'Nhà nước Âu Lạc của An Dương Vương với trung tâm Cổ Loa.', '2026-03-02 08:00:00', '2026-03-02 08:00:00'),
    (3, 'Bắc thuộc lần thứ nhất', 'bac-thuoc-lan-thu-nhat', -179, 40, 'Giai đoạn chịu sự cai trị của các triều đại phương Bắc sau Âu Lạc.', '2026-03-03 08:00:00', '2026-03-03 08:00:00'),
    (4, 'Khởi nghĩa Hai Bà Trưng', 'khoi-nghia-hai-ba-trung', 40, 43, 'Thời kỳ giành quyền tự chủ ngắn ngủi do Hai Bà Trưng lãnh đạo.', '2026-03-04 08:00:00', '2026-03-04 08:00:00'),
    (5, 'Nhà Tiền Lý và Vạn Xuân', 'nha-tien-ly-van-xuan', 544, 602, 'Nhà nước Vạn Xuân do Lý Bí thành lập.', '2026-03-05 08:00:00', '2026-03-05 08:00:00'),
    (6, 'Họ Khúc - họ Dương', 'ho-khuc-ho-duong', 905, 938, 'Giai đoạn đặt nền tự chủ trước chiến thắng Bạch Đằng.', '2026-03-06 08:00:00', '2026-03-06 08:00:00'),
    (7, 'Nhà Ngô', 'nha-ngo', 939, 965, 'Triều đại độc lập đầu tiên sau hơn một thiên niên kỷ Bắc thuộc.', '2026-03-07 08:00:00', '2026-03-07 08:00:00'),
    (8, 'Nhà Đinh', 'nha-dinh', 968, 980, 'Triều đại thống nhất đất nước sau loạn mười hai sứ quân.', '2026-03-08 08:00:00', '2026-03-08 08:00:00'),
    (9, 'Nhà Tiền Lê', 'nha-tien-le', 980, 1009, 'Triều đại gắn với kháng chiến chống Tống lần thứ nhất.', '2026-03-09 08:00:00', '2026-03-09 08:00:00'),
    (10, 'Nhà Lý', 'nha-ly', 1009, 1225, 'Thời kỳ xây dựng quốc gia Đại Việt và kinh đô Thăng Long.', '2026-03-10 08:00:00', '2026-03-10 08:00:00'),
    (11, 'Nhà Trần', 'nha-tran', 1225, 1400, 'Triều đại nổi bật với ba lần kháng chiến chống Nguyên Mông.', '2026-03-11 08:00:00', '2026-03-11 08:00:00'),
    (12, 'Nhà Hồ', 'nha-ho', 1400, 1407, 'Triều đại cải cách ngắn ngủi trước cuộc xâm lược của nhà Minh.', '2026-03-12 08:00:00', '2026-03-12 08:00:00'),
    (13, 'Bắc thuộc lần thứ tư', 'bac-thuoc-lan-thu-tu', 1407, 1427, 'Giai đoạn nhà Minh đô hộ Đại Việt.', '2026-03-13 08:00:00', '2026-03-13 08:00:00'),
    (14, 'Nhà Hậu Lê', 'nha-hau-le', 1428, 1789, 'Triều đại kéo dài với nhiều biến động chính trị và văn hóa.', '2026-03-14 08:00:00', '2026-03-14 08:00:00'),
    (15, 'Nhà Mạc', 'nha-mac', 1527, 1592, 'Triều đại do Mạc Đăng Dung lập nên trong bối cảnh Lê sơ suy yếu.', '2026-03-15 08:00:00', '2026-03-15 08:00:00'),
    (16, 'Trịnh - Nguyễn phân tranh', 'trinh-nguyen-phan-tranh', 1627, 1672, 'Thời kỳ chia cắt Đàng Ngoài và Đàng Trong.', '2026-03-16 08:00:00', '2026-03-16 08:00:00'),
    (17, 'Phong trào Tây Sơn', 'phong-trao-tay-son', 1771, 1802, 'Phong trào nông dân và triều đại Tây Sơn cuối thế kỷ XVIII.', '2026-03-17 08:00:00', '2026-03-17 08:00:00'),
    (18, 'Nhà Nguyễn', 'nha-nguyen', 1802, 1945, 'Triều đại quân chủ cuối cùng của Việt Nam.', '2026-03-18 08:00:00', '2026-03-18 08:00:00'),
    (19, 'Thời Pháp thuộc', 'thoi-phap-thuoc', 1858, 1945, 'Giai đoạn Việt Nam chịu sự cai trị của thực dân Pháp.', '2026-03-19 08:00:00', '2026-03-19 08:00:00'),
    (20, 'Việt Nam hiện đại', 'viet-nam-hien-dai', 1945, NULL, 'Giai đoạn từ Cách mạng tháng Tám đến hiện nay.', '2026-03-20 08:00:00', '2026-03-20 08:00:00');

INSERT INTO person (person_id, name, slug, alias, birth_date, death_date, biography, created_at, updated_at) VALUES
    (1, 'Hùng Vương', 'hung-vuong', 'Các vua Hùng', NULL, NULL, 'Hùng Vương là danh xưng truyền thống của các thủ lĩnh Văn Lang trong buổi đầu lịch sử Việt Nam.', '2026-04-01 08:00:00', '2026-04-01 08:00:00'),
    (2, 'An Dương Vương', 'an-duong-vuong', 'Thục Phán', NULL, NULL, 'An Dương Vương được gắn với nhà nước Âu Lạc và thành Cổ Loa.', '2026-04-02 08:00:00', '2026-04-02 08:00:00'),
    (3, 'Trưng Trắc', 'trung-trac', 'Hai Bà Trưng', NULL, NULL, 'Trưng Trắc là một trong hai thủ lĩnh cuộc khởi nghĩa chống Đông Hán năm 40.', '2026-04-03 08:00:00', '2026-04-03 08:00:00'),
    (4, 'Trưng Nhị', 'trung-nhi', 'Hai Bà Trưng', NULL, NULL, 'Trưng Nhị cùng Trưng Trắc lãnh đạo cuộc khởi nghĩa giành quyền tự chủ.', '2026-04-04 08:00:00', '2026-04-04 08:00:00'),
    (5, 'Bà Triệu', 'ba-trieu', 'Triệu Thị Trinh', NULL, NULL, 'Bà Triệu lãnh đạo cuộc khởi nghĩa chống ách đô hộ Đông Ngô ở thế kỷ III.', '2026-04-05 08:00:00', '2026-04-05 08:00:00'),
    (6, 'Lý Bí', 'ly-bi', 'Lý Nam Đế', NULL, NULL, 'Lý Bí lập nước Vạn Xuân, khẳng định ý chí độc lập của người Việt.', '2026-04-06 08:00:00', '2026-04-06 08:00:00'),
    (7, 'Mai Thúc Loan', 'mai-thuc-loan', 'Mai Hắc Đế', NULL, NULL, 'Mai Thúc Loan lãnh đạo cuộc khởi nghĩa lớn chống nhà Đường.', '2026-04-07 08:00:00', '2026-04-07 08:00:00'),
    (8, 'Ngô Quyền', 'ngo-quyen', NULL, NULL, NULL, 'Ngô Quyền đánh bại quân Nam Hán trên sông Bạch Đằng năm 938.', '2026-04-08 08:00:00', '2026-04-08 08:00:00'),
    (9, 'Đinh Bộ Lĩnh', 'dinh-bo-linh', 'Đinh Tiên Hoàng', NULL, NULL, 'Đinh Bộ Lĩnh dẹp loạn mười hai sứ quân và lập nhà Đinh.', '2026-04-09 08:00:00', '2026-04-09 08:00:00'),
    (10, 'Lê Hoàn', 'le-hoan', 'Lê Đại Hành', NULL, '1005-01-01', 'Lê Hoàn lãnh đạo Đại Cồ Việt chống quân Tống năm 981.', '2026-04-10 08:00:00', '2026-04-10 08:00:00'),
    (11, 'Lý Thái Tổ', 'ly-thai-to', 'Lý Công Uẩn', NULL, '1028-03-31', 'Lý Thái Tổ sáng lập nhà Lý và dời đô ra Thăng Long.', '2026-04-11 08:00:00', '2026-04-11 08:00:00'),
    (12, 'Lý Thường Kiệt', 'ly-thuong-kiet', NULL, '1019-01-01', '1105-01-01', 'Lý Thường Kiệt chỉ huy kháng chiến chống Tống và gắn với bài Nam quốc sơn hà.', '2026-04-12 08:00:00', '2026-04-12 08:00:00'),
    (13, 'Trần Hưng Đạo', 'tran-hung-dao', 'Hưng Đạo Đại Vương', '1228-01-01', '1300-01-01', 'Trần Hưng Đạo là danh tướng chỉ huy kháng chiến chống Nguyên Mông.', '2026-04-13 08:00:00', '2026-04-13 08:00:00'),
    (14, 'Trần Nhân Tông', 'tran-nhan-tong', NULL, '1258-12-07', '1308-12-16', 'Trần Nhân Tông là vua nhà Trần và người sáng lập Thiền phái Trúc Lâm.', '2026-04-14 08:00:00', '2026-04-14 08:00:00'),
    (15, 'Lê Lợi', 'le-loi', 'Lê Thái Tổ', '1385-09-10', '1433-09-05', 'Lê Lợi lãnh đạo khởi nghĩa Lam Sơn và lập nhà Hậu Lê.', '2026-04-15 08:00:00', '2026-04-15 08:00:00'),
    (16, 'Nguyễn Trãi', 'nguyen-trai', 'Ức Trai', '1380-01-01', '1442-09-19', 'Nguyễn Trãi là nhà chính trị, quân sự và văn hóa lớn thời Lê sơ.', '2026-04-16 08:00:00', '2026-04-16 08:00:00'),
    (17, 'Quang Trung', 'quang-trung', 'Nguyễn Huệ', '1753-01-01', '1792-09-16', 'Quang Trung là hoàng đế Tây Sơn, đánh thắng quân Thanh năm 1789.', '2026-04-17 08:00:00', '2026-04-17 08:00:00'),
    (18, 'Gia Long', 'gia-long', 'Nguyễn Ánh', '1762-02-08', '1820-02-03', 'Gia Long thống nhất lãnh thổ và lập triều Nguyễn năm 1802.', '2026-04-18 08:00:00', '2026-04-18 08:00:00'),
    (19, 'Phan Bội Châu', 'phan-boi-chau', NULL, '1867-12-26', '1940-10-29', 'Phan Bội Châu là nhà yêu nước tiêu biểu đầu thế kỷ XX.', '2026-04-19 08:00:00', '2026-04-19 08:00:00'),
    (20, 'Võ Nguyên Giáp', 'vo-nguyen-giap', NULL, '1911-08-25', '2013-10-04', 'Võ Nguyên Giáp là Đại tướng, Tổng tư lệnh Quân đội nhân dân Việt Nam.', '2026-04-20 08:00:00', '2026-04-20 08:00:00');

INSERT INTO location (location_id, name, slug, location_type, latitude, longitude, description, created_at, updated_at) VALUES
    (1, 'Phú Thọ', 'phu-tho', 'REGION', 21.268443, 105.204557, 'Vùng đất gắn với truyền thuyết các vua Hùng.', '2026-05-01 08:00:00', '2026-05-01 08:00:00'),
    (2, 'Cổ Loa', 'co-loa', 'CITADEL', 21.116700, 105.883300, 'Kinh đô Âu Lạc với hệ thống thành lũy cổ.', '2026-05-02 08:00:00', '2026-05-02 08:00:00'),
    (3, 'Mê Linh', 'me-linh', 'REGION', 21.183300, 105.716700, 'Căn cứ khởi nghĩa Hai Bà Trưng.', '2026-05-03 08:00:00', '2026-05-03 08:00:00'),
    (4, 'Núi Nưa', 'nui-nua', 'MOUNTAIN', 19.615000, 105.645000, 'Địa danh gắn với truyền thuyết Bà Triệu.', '2026-05-04 08:00:00', '2026-05-04 08:00:00'),
    (5, 'Long Biên', 'long-bien', 'CITY', 21.040000, 105.880000, 'Trung tâm chính trị quan trọng thời Bắc thuộc.', '2026-05-05 08:00:00', '2026-05-05 08:00:00'),
    (6, 'Hoan Châu', 'hoan-chau', 'REGION', 18.670000, 105.680000, 'Vùng đất Nghệ An - Hà Tĩnh xưa.', '2026-05-06 08:00:00', '2026-05-06 08:00:00'),
    (7, 'Sông Bạch Đằng', 'song-bach-dang', 'BATTLEFIELD', 20.920000, 106.800000, 'Chiến địa thủy chiến quan trọng trong lịch sử Việt Nam.', '2026-05-07 08:00:00', '2026-05-07 08:00:00'),
    (8, 'Hoa Lư', 'hoa-lu', 'CAPITAL', 20.253900, 105.918000, 'Kinh đô Đại Cồ Việt thời Đinh và Tiền Lê.', '2026-05-08 08:00:00', '2026-05-08 08:00:00'),
    (9, 'Thăng Long', 'thang-long', 'CAPITAL', 21.028511, 105.804817, 'Kinh đô lâu dài của Đại Việt.', '2026-05-09 08:00:00', '2026-05-09 08:00:00'),
    (10, 'Sông Như Nguyệt', 'song-nhu-nguyet', 'BATTLEFIELD', 21.185000, 106.080000, 'Phòng tuyến trong kháng chiến chống Tống thế kỷ XI.', '2026-05-10 08:00:00', '2026-05-10 08:00:00'),
    (11, 'Đông Bộ Đầu', 'dong-bo-dau', 'BATTLEFIELD', 21.040000, 105.850000, 'Địa điểm gắn với kháng chiến chống Nguyên lần thứ nhất.', '2026-05-11 08:00:00', '2026-05-11 08:00:00'),
    (12, 'Thiên Trường', 'thien-truong', 'PALACE', 20.420000, 106.170000, 'Căn cứ và hành cung quan trọng của nhà Trần.', '2026-05-12 08:00:00', '2026-05-12 08:00:00'),
    (13, 'Tây Đô', 'tay-do', 'CITADEL', 20.078000, 105.604000, 'Kinh đô nhà Hồ tại Thanh Hóa.', '2026-05-13 08:00:00', '2026-05-13 08:00:00'),
    (14, 'Lam Sơn', 'lam-son', 'BASE', 20.145000, 105.318000, 'Căn cứ khởi nghĩa Lam Sơn.', '2026-05-14 08:00:00', '2026-05-14 08:00:00'),
    (15, 'Đông Kinh', 'dong-kinh', 'CAPITAL', 21.028511, 105.804817, 'Tên gọi kinh thành Thăng Long thời Lê.', '2026-05-15 08:00:00', '2026-05-15 08:00:00'),
    (16, 'Phú Xuân', 'phu-xuan', 'CAPITAL', 16.463713, 107.590866, 'Trung tâm chính trị quan trọng của chúa Nguyễn và triều Nguyễn.', '2026-05-16 08:00:00', '2026-05-16 08:00:00'),
    (17, 'Gò Đống Đa', 'go-dong-da', 'BATTLEFIELD', 21.014200, 105.824800, 'Địa điểm gắn với chiến thắng Ngọc Hồi - Đống Đa.', '2026-05-17 08:00:00', '2026-05-17 08:00:00'),
    (18, 'Kinh thành Huế', 'kinh-thanh-hue', 'CITADEL', 16.469700, 107.577500, 'Kinh đô triều Nguyễn.', '2026-05-18 08:00:00', '2026-05-18 08:00:00'),
    (19, 'Đà Nẵng', 'da-nang', 'CITY', 16.054407, 108.202167, 'Nơi liên quân Pháp - Tây Ban Nha nổ súng xâm lược năm 1858.', '2026-05-19 08:00:00', '2026-05-19 08:00:00'),
    (20, 'Điện Biên Phủ', 'dien-bien-phu', 'BATTLEFIELD', 21.386000, 103.016000, 'Chiến trường quyết định trong kháng chiến chống Pháp.', '2026-05-20 08:00:00', '2026-05-20 08:00:00');

INSERT INTO event (event_id, period_id, name, slug, description, start_year, end_year, start_date, end_date, certainty_level, created_at, updated_at) VALUES
    (1, 1, 'Hình thành nhà nước Văn Lang', 'hinh-thanh-nha-nuoc-van-lang', 'Sự hình thành nhà nước sơ khai Văn Lang trong truyền thống lịch sử Việt Nam.', -2879, -258, NULL, NULL, 'ESTIMATED', '2026-06-01 08:00:00', '2026-06-01 08:00:00'),
    (2, 2, 'An Dương Vương xây thành Cổ Loa', 'an-duong-vuong-xay-thanh-co-loa', 'Cổ Loa được xem là trung tâm quyền lực của Âu Lạc.', -257, -208, NULL, NULL, 'ESTIMATED', '2026-06-02 08:00:00', '2026-06-02 08:00:00'),
    (3, 3, 'Triệu Đà thôn tính Âu Lạc', 'trieu-da-thon-tinh-au-lac', 'Âu Lạc rơi vào quyền kiểm soát của Nam Việt, mở đầu thời kỳ Bắc thuộc.', -179, -179, NULL, NULL, 'ESTIMATED', '2026-06-03 08:00:00', '2026-06-03 08:00:00'),
    (4, 4, 'Khởi nghĩa Hai Bà Trưng', 'khoi-nghia-hai-ba-trung-su-kien', 'Cuộc khởi nghĩa năm 40 giành lại quyền tự chủ trong thời gian ngắn.', 40, 43, NULL, NULL, 'CERTAIN', '2026-06-04 08:00:00', '2026-06-04 08:00:00'),
    (5, 3, 'Khởi nghĩa Bà Triệu', 'khoi-nghia-ba-trieu', 'Cuộc khởi nghĩa chống Đông Ngô năm 248.', 248, 248, NULL, NULL, 'CERTAIN', '2026-06-05 08:00:00', '2026-06-05 08:00:00'),
    (6, 5, 'Lý Bí lập nước Vạn Xuân', 'ly-bi-lap-nuoc-van-xuan', 'Lý Bí xưng Lý Nam Đế và đặt quốc hiệu Vạn Xuân.', 544, 544, NULL, NULL, 'CERTAIN', '2026-06-06 08:00:00', '2026-06-06 08:00:00'),
    (7, 6, 'Khúc Thừa Dụ giành quyền tự chủ', 'khuc-thua-du-gianh-quyen-tu-chu', 'Họ Khúc đặt nền móng tự chủ ở đầu thế kỷ X.', 905, 905, NULL, NULL, 'CERTAIN', '2026-06-07 08:00:00', '2026-06-07 08:00:00'),
    (8, 7, 'Chiến thắng Bạch Đằng năm 938', 'chien-thang-bach-dang-938', 'Ngô Quyền đánh bại quân Nam Hán trên sông Bạch Đằng.', 938, 938, NULL, NULL, 'CERTAIN', '2026-06-08 08:00:00', '2026-06-08 08:00:00'),
    (9, 8, 'Đinh Bộ Lĩnh thống nhất đất nước', 'dinh-bo-linh-thong-nhat-dat-nuoc', 'Đinh Bộ Lĩnh dẹp loạn mười hai sứ quân, lập nước Đại Cồ Việt.', 968, 968, NULL, NULL, 'CERTAIN', '2026-06-09 08:00:00', '2026-06-09 08:00:00'),
    (10, 9, 'Kháng chiến chống Tống năm 981', 'khang-chien-chong-tong-981', 'Lê Hoàn chỉ huy quân Đại Cồ Việt đánh bại cuộc xâm lược của nhà Tống.', 981, 981, NULL, NULL, 'CERTAIN', '2026-06-10 08:00:00', '2026-06-10 08:00:00'),
    (11, 10, 'Dời đô ra Thăng Long', 'doi-do-ra-thang-long', 'Lý Thái Tổ ban Chiếu dời đô, mở đầu vai trò kinh đô của Thăng Long.', 1010, 1010, '1010-01-01', '1010-12-31', 'CERTAIN', '2026-06-11 08:00:00', '2026-06-11 08:00:00'),
    (12, 10, 'Kháng chiến chống Tống trên sông Như Nguyệt', 'khang-chien-chong-tong-song-nhu-nguyet', 'Lý Thường Kiệt tổ chức phòng tuyến Như Nguyệt, đánh bại quân Tống.', 1075, 1077, '1075-01-01', '1077-12-31', 'CERTAIN', '2026-06-12 08:00:00', '2026-06-12 08:00:00'),
    (13, 11, 'Kháng chiến chống Nguyên Mông lần thứ nhất', 'khang-chien-chong-nguyen-mong-lan-thu-nhat', 'Nhà Trần đẩy lui quân Nguyên trong cuộc xâm lược năm 1258.', 1258, 1258, '1258-01-01', '1258-12-31', 'CERTAIN', '2026-06-13 08:00:00', '2026-06-13 08:00:00'),
    (14, 11, 'Chiến thắng Bạch Đằng năm 1288', 'chien-thang-bach-dang-1288', 'Trần Hưng Đạo chỉ huy trận quyết chiến trên sông Bạch Đằng.', 1288, 1288, '1288-01-01', '1288-12-31', 'CERTAIN', '2026-06-14 08:00:00', '2026-06-14 08:00:00'),
    (15, 12, 'Hồ Quý Ly lập nhà Hồ', 'ho-quy-ly-lap-nha-ho', 'Hồ Quý Ly thay nhà Trần, tiến hành nhiều cải cách.', 1400, 1400, '1400-01-01', '1400-12-31', 'CERTAIN', '2026-06-15 08:00:00', '2026-06-15 08:00:00'),
    (16, 13, 'Khởi nghĩa Lam Sơn', 'khoi-nghia-lam-son', 'Lê Lợi lãnh đạo cuộc khởi nghĩa chống Minh từ Lam Sơn.', 1418, 1427, '1418-01-01', '1427-12-31', 'CERTAIN', '2026-06-16 08:00:00', '2026-06-16 08:00:00'),
    (17, 14, 'Bình Ngô đại cáo được công bố', 'binh-ngo-dai-cao-duoc-cong-bo', 'Nguyễn Trãi thay Lê Lợi tuyên bố thắng lợi trước quân Minh.', 1428, 1428, '1428-01-01', '1428-12-31', 'CERTAIN', '2026-06-17 08:00:00', '2026-06-17 08:00:00'),
    (18, 17, 'Chiến thắng Ngọc Hồi - Đống Đa', 'chien-thang-ngoc-hoi-dong-da', 'Quang Trung đánh tan quân Thanh vào mùa xuân Kỷ Dậu.', 1789, 1789, '1789-01-30', '1789-02-05', 'CERTAIN', '2026-06-18 08:00:00', '2026-06-18 08:00:00'),
    (19, 19, 'Pháp nổ súng ở Đà Nẵng', 'phap-no-sung-o-da-nang', 'Liên quân Pháp - Tây Ban Nha tấn công Đà Nẵng, mở đầu quá trình xâm lược.', 1858, 1858, '1858-09-01', '1858-09-01', 'CERTAIN', '2026-06-19 08:00:00', '2026-06-19 08:00:00'),
    (20, 20, 'Chiến thắng Điện Biên Phủ', 'chien-thang-dien-bien-phu', 'Chiến dịch Điện Biên Phủ kết thúc thắng lợi ngày 7 tháng 5 năm 1954.', 1954, 1954, '1954-03-13', '1954-05-07', 'CERTAIN', '2026-06-20 08:00:00', '2026-06-20 08:00:00');

INSERT INTO post (post_id, admin_id, event_id, title, slug, summary, content, thumbnail_url, status, published_at, created_at, updated_at) VALUES
    (1, 1, 1, 'Văn Lang trong ký ức lịch sử', 'van-lang-trong-ky-uc-lich-su', 'Tóm lược nguồn gốc Văn Lang và truyền thống Hùng Vương.', 'Bài viết giới thiệu bối cảnh hình thành nhà nước Văn Lang, các truyền thuyết Hùng Vương và giá trị văn hóa còn lưu lại.', '/images/posts/van-lang.jpg', 'PUBLISHED', '2026-07-01 09:00:00', '2026-07-01 08:00:00', '2026-07-01 09:00:00'),
    (2, 2, 2, 'Cổ Loa và dấu ấn Âu Lạc', 'co-loa-va-dau-an-au-lac', 'Khám phá vai trò của Cổ Loa trong thời Âu Lạc.', 'Cổ Loa là một trung tâm quyền lực cổ với cấu trúc thành lũy đặc biệt và nhiều lớp truyền thuyết lịch sử.', '/images/posts/co-loa.jpg', 'PUBLISHED', '2026-07-02 09:00:00', '2026-07-02 08:00:00', '2026-07-02 09:00:00'),
    (3, 3, 3, 'Âu Lạc sau năm 179 trước Công nguyên', 'au-lac-sau-nam-179-truoc-cong-nguyen', 'Bối cảnh Âu Lạc rơi vào quyền kiểm soát của Nam Việt.', 'Bài viết phân tích sự kiện Triệu Đà thôn tính Âu Lạc và hệ quả chính trị trong khu vực.', '/images/posts/au-lac.jpg', 'PUBLISHED', '2026-07-03 09:00:00', '2026-07-03 08:00:00', '2026-07-03 09:00:00'),
    (4, 4, 4, 'Hai Bà Trưng và khát vọng tự chủ', 'hai-ba-trung-va-khat-vong-tu-chu', 'Cuộc khởi nghĩa năm 40 trong mạch lịch sử chống đô hộ.', 'Hai Bà Trưng trở thành biểu tượng của tinh thần tự chủ và vai trò phụ nữ trong lịch sử Việt Nam.', '/images/posts/hai-ba-trung.jpg', 'PUBLISHED', '2026-07-04 09:00:00', '2026-07-04 08:00:00', '2026-07-04 09:00:00'),
    (5, 5, 5, 'Bà Triệu trong thế kỷ III', 'ba-trieu-trong-the-ky-iii', 'Nhìn lại cuộc khởi nghĩa chống Đông Ngô.', 'Bài viết trình bày bối cảnh, diễn biến và hình tượng Bà Triệu trong ký ức dân gian.', '/images/posts/ba-trieu.jpg', 'PUBLISHED', '2026-07-05 09:00:00', '2026-07-05 08:00:00', '2026-07-05 09:00:00'),
    (6, 6, 6, 'Vạn Xuân và tuyên ngôn độc lập sớm', 'van-xuan-va-tuyen-ngon-doc-lap-som', 'Lý Bí lập nước Vạn Xuân trong thế kỷ VI.', 'Sự kiện Lý Bí lập nước Vạn Xuân phản ánh nỗ lực xây dựng một chính quyền độc lập.', '/images/posts/van-xuan.jpg', 'PUBLISHED', '2026-07-06 09:00:00', '2026-07-06 08:00:00', '2026-07-06 09:00:00'),
    (7, 7, 7, 'Họ Khúc và nền tự chủ', 'ho-khuc-va-nen-tu-chu', 'Vai trò của Khúc Thừa Dụ trong quá trình giành tự chủ.', 'Họ Khúc đặt nền móng quan trọng cho quyền tự chủ trước chiến thắng Bạch Đằng.', '/images/posts/ho-khuc.jpg', 'PUBLISHED', '2026-07-07 09:00:00', '2026-07-07 08:00:00', '2026-07-07 09:00:00'),
    (8, 8, 8, 'Bạch Đằng 938', 'bach-dang-938', 'Chiến thắng của Ngô Quyền và bước ngoặt độc lập.', 'Trận Bạch Đằng năm 938 mở ra kỷ nguyên độc lập lâu dài cho dân tộc Việt.', '/images/posts/bach-dang-938.jpg', 'PUBLISHED', '2026-07-08 09:00:00', '2026-07-08 08:00:00', '2026-07-08 09:00:00'),
    (9, 9, 9, 'Đinh Bộ Lĩnh và công cuộc thống nhất', 'dinh-bo-linh-va-cong-cuoc-thong-nhat', 'Dẹp loạn mười hai sứ quân và lập Đại Cồ Việt.', 'Đinh Bộ Lĩnh thống nhất đất nước, đặt nền tảng cho nhà nước quân chủ độc lập.', '/images/posts/dinh-bo-linh.jpg', 'PUBLISHED', '2026-07-09 09:00:00', '2026-07-09 08:00:00', '2026-07-09 09:00:00'),
    (10, 10, 10, 'Lê Hoàn và cuộc chiến năm 981', 'le-hoan-va-cuoc-chien-981', 'Kháng chiến chống Tống dưới thời Tiền Lê.', 'Cuộc kháng chiến năm 981 củng cố vị thế Đại Cồ Việt trong khu vực.', '/images/posts/le-hoan.jpg', 'PUBLISHED', '2026-07-10 09:00:00', '2026-07-10 08:00:00', '2026-07-10 09:00:00'),
    (11, 11, 11, 'Thăng Long từ Chiếu dời đô', 'thang-long-tu-chieu-doi-do', 'Lý Thái Tổ và quyết định dời đô năm 1010.', 'Việc dời đô ra Thăng Long đánh dấu tầm nhìn chiến lược trong xây dựng quốc gia Đại Việt.', '/images/posts/thang-long.jpg', 'PUBLISHED', '2026-07-11 09:00:00', '2026-07-11 08:00:00', '2026-07-11 09:00:00'),
    (12, 12, 12, 'Phòng tuyến Như Nguyệt', 'phong-tuyen-nhu-nguyet', 'Lý Thường Kiệt trong kháng chiến chống Tống.', 'Phòng tuyến Như Nguyệt là một dấu mốc quân sự quan trọng thời Lý.', '/images/posts/nhu-nguyet.jpg', 'PUBLISHED', '2026-07-12 09:00:00', '2026-07-12 08:00:00', '2026-07-12 09:00:00'),
    (13, 13, 13, 'Nhà Trần trước thử thách Nguyên Mông', 'nha-tran-truoc-thu-thach-nguyen-mong', 'Cuộc kháng chiến năm 1258 và kinh nghiệm phòng thủ.', 'Nhà Trần vận dụng kế sách linh hoạt để đẩy lui quân Nguyên trong lần xâm lược đầu tiên.', '/images/posts/tran-1258.jpg', 'PUBLISHED', '2026-07-13 09:00:00', '2026-07-13 08:00:00', '2026-07-13 09:00:00'),
    (14, 14, 14, 'Bạch Đằng 1288', 'bach-dang-1288', 'Trận quyết chiến dưới sự chỉ huy của Trần Hưng Đạo.', 'Chiến thắng Bạch Đằng năm 1288 kết thúc thắng lợi cuộc kháng chiến chống Nguyên Mông.', '/images/posts/bach-dang-1288.jpg', 'PUBLISHED', '2026-07-14 09:00:00', '2026-07-14 08:00:00', '2026-07-14 09:00:00'),
    (15, 15, 15, 'Cải cách thời Hồ Quý Ly', 'cai-cach-thoi-ho-quy-ly', 'Nhìn lại triều Hồ và những cải cách gây tranh luận.', 'Nhà Hồ tồn tại ngắn ngủi nhưng để lại nhiều vấn đề nghiên cứu về cải cách nhà nước.', '/images/posts/nha-ho.jpg', 'DRAFT', NULL, '2026-07-15 08:00:00', '2026-07-15 08:00:00'),
    (16, 16, 16, 'Lam Sơn từ khởi nghĩa đến thắng lợi', 'lam-son-tu-khoi-nghia-den-thang-loi', 'Hành trình chống Minh của nghĩa quân Lam Sơn.', 'Khởi nghĩa Lam Sơn đi từ căn cứ địa Thanh Hóa đến thắng lợi giải phóng đất nước.', '/images/posts/lam-son.jpg', 'PUBLISHED', '2026-07-16 09:00:00', '2026-07-16 08:00:00', '2026-07-16 09:00:00'),
    (17, 17, 17, 'Bình Ngô đại cáo và ý thức quốc gia', 'binh-ngo-dai-cao-va-y-thuc-quoc-gia', 'Tác phẩm chính luận sau thắng lợi Lam Sơn.', 'Bình Ngô đại cáo khẳng định nền độc lập và tư tưởng chính nghĩa trong lịch sử Đại Việt.', '/images/posts/binh-ngo-dai-cao.jpg', 'PUBLISHED', '2026-07-17 09:00:00', '2026-07-17 08:00:00', '2026-07-17 09:00:00'),
    (18, 18, 18, 'Ngọc Hồi - Đống Đa mùa xuân 1789', 'ngoc-hoi-dong-da-mua-xuan-1789', 'Chiến thắng của Quang Trung trước quân Thanh.', 'Chiến dịch thần tốc mùa xuân Kỷ Dậu là đỉnh cao quân sự của phong trào Tây Sơn.', '/images/posts/dong-da.jpg', 'PUBLISHED', '2026-07-18 09:00:00', '2026-07-18 08:00:00', '2026-07-18 09:00:00'),
    (19, 19, 19, 'Đà Nẵng 1858 và bước ngoặt cận đại', 'da-nang-1858-va-buoc-ngoat-can-dai', 'Sự kiện mở đầu quá trình Pháp xâm lược Việt Nam.', 'Cuộc tấn công Đà Nẵng năm 1858 mở ra một thời kỳ biến động sâu sắc.', '/images/posts/da-nang-1858.jpg', 'ARCHIVED', '2026-07-19 09:00:00', '2026-07-19 08:00:00', '2026-07-19 09:00:00'),
    (20, 20, 20, 'Điện Biên Phủ trong lịch sử hiện đại', 'dien-bien-phu-trong-lich-su-hien-dai', 'Chiến thắng năm 1954 và ý nghĩa quốc tế.', 'Điện Biên Phủ là thắng lợi quân sự quyết định, dẫn tới Hiệp định Genève năm 1954.', '/images/posts/dien-bien-phu.jpg', 'PUBLISHED', '2026-07-20 09:00:00', '2026-07-20 08:00:00', '2026-07-20 09:00:00');

INSERT INTO tag (tag_id, name, slug, description, created_at) VALUES
    (1, 'Cổ đại', 'co-dai', 'Chủ đề về lịch sử cổ đại Việt Nam.', '2026-08-01 08:00:00'),
    (2, 'Trung đại', 'trung-dai', 'Chủ đề về lịch sử trung đại Việt Nam.', '2026-08-02 08:00:00'),
    (3, 'Cận đại', 'can-dai', 'Chủ đề về lịch sử cận đại.', '2026-08-03 08:00:00'),
    (4, 'Hiện đại', 'hien-dai', 'Chủ đề về lịch sử hiện đại.', '2026-08-04 08:00:00'),
    (5, 'Khởi nghĩa', 'khoi-nghia', 'Các cuộc khởi nghĩa trong lịch sử.', '2026-08-05 08:00:00'),
    (6, 'Chiến thắng', 'chien-thang', 'Các chiến thắng quân sự nổi bật.', '2026-08-06 08:00:00'),
    (7, 'Triều đại', 'trieu-dai', 'Các triều đại quân chủ Việt Nam.', '2026-08-07 08:00:00'),
    (8, 'Nhân vật', 'nhan-vat', 'Nhân vật lịch sử tiêu biểu.', '2026-08-08 08:00:00'),
    (9, 'Địa danh', 'dia-danh', 'Địa danh lịch sử.', '2026-08-09 08:00:00'),
    (10, 'Văn hóa', 'van-hoa', 'Di sản văn hóa và tư tưởng.', '2026-08-10 08:00:00'),
    (11, 'Quân sự', 'quan-su', 'Chiến thuật, chiến dịch và tổ chức quân sự.', '2026-08-11 08:00:00'),
    (12, 'Ngoại giao', 'ngoai-giao', 'Quan hệ đối ngoại trong lịch sử.', '2026-08-12 08:00:00'),
    (13, 'Nguồn sử', 'nguon-su', 'Tư liệu và trích dẫn sử học.', '2026-08-13 08:00:00'),
    (14, 'RAG', 'rag', 'Dữ liệu phục vụ hệ thống truy hồi tăng cường.', '2026-08-14 08:00:00'),
    (15, 'Bắc thuộc', 'bac-thuoc', 'Các thời kỳ Bắc thuộc.', '2026-08-15 08:00:00'),
    (16, 'Độc lập', 'doc-lap', 'Các mốc giành và giữ độc lập.', '2026-08-16 08:00:00'),
    (17, 'Cải cách', 'cai-cach', 'Những cải cách nhà nước và xã hội.', '2026-08-17 08:00:00'),
    (18, 'Tây Sơn', 'tay-son', 'Phong trào và triều đại Tây Sơn.', '2026-08-18 08:00:00'),
    (19, 'Nhà Nguyễn', 'nha-nguyen-tag', 'Chủ đề về triều Nguyễn.', '2026-08-19 08:00:00'),
    (20, 'Điện Biên Phủ', 'dien-bien-phu-tag', 'Chủ đề về chiến dịch Điện Biên Phủ.', '2026-08-20 08:00:00');

INSERT INTO refresh_token (refresh_token_id, member_id, admin_id, token_hash, expires_at, revoked, device_info, ip_address, created_at) VALUES
    (1, NULL, 1, SHA2('sample-refresh-token-admin-01', 256), '2026-12-01 00:00:00', FALSE, 'Chrome on Windows', '10.0.0.1', '2026-09-01 08:00:00'),
    (2, NULL, 2, SHA2('sample-refresh-token-admin-02', 256), '2026-12-02 00:00:00', FALSE, 'Firefox on Windows', '10.0.0.2', '2026-09-02 08:00:00'),
    (3, NULL, 3, SHA2('sample-refresh-token-admin-03', 256), '2026-12-03 00:00:00', FALSE, 'Safari on macOS', '10.0.0.3', '2026-09-03 08:00:00'),
    (4, NULL, 4, SHA2('sample-refresh-token-admin-04', 256), '2026-12-04 00:00:00', FALSE, 'Edge on Windows', '10.0.0.4', '2026-09-04 08:00:00'),
    (5, NULL, 5, SHA2('sample-refresh-token-admin-05', 256), '2026-12-05 00:00:00', TRUE, 'Chrome on Linux', '10.0.0.5', '2026-09-05 08:00:00'),
    (6, NULL, 6, SHA2('sample-refresh-token-admin-06', 256), '2026-12-06 00:00:00', FALSE, 'Mobile Safari', '10.0.0.6', '2026-09-06 08:00:00'),
    (7, NULL, 7, SHA2('sample-refresh-token-admin-07', 256), '2026-12-07 00:00:00', FALSE, 'Chrome on Android', '10.0.0.7', '2026-09-07 08:00:00'),
    (8, NULL, 8, SHA2('sample-refresh-token-admin-08', 256), '2026-12-08 00:00:00', FALSE, 'Firefox on Linux', '10.0.0.8', '2026-09-08 08:00:00'),
    (9, NULL, 9, SHA2('sample-refresh-token-admin-09', 256), '2026-12-09 00:00:00', FALSE, 'Edge on macOS', '10.0.0.9', '2026-09-09 08:00:00'),
    (10, NULL, 10, SHA2('sample-refresh-token-admin-10', 256), '2026-12-10 00:00:00', TRUE, 'Chrome on iOS', '10.0.0.10', '2026-09-10 08:00:00'),
    (11, 1, NULL, SHA2('sample-refresh-token-member-01', 256), '2026-12-11 00:00:00', FALSE, 'Chrome on Windows', '10.0.1.1', '2026-09-11 08:00:00'),
    (12, 2, NULL, SHA2('sample-refresh-token-member-02', 256), '2026-12-12 00:00:00', FALSE, 'Firefox on Windows', '10.0.1.2', '2026-09-12 08:00:00'),
    (13, 3, NULL, SHA2('sample-refresh-token-member-03', 256), '2026-12-13 00:00:00', FALSE, 'Safari on macOS', '10.0.1.3', '2026-09-13 08:00:00'),
    (14, 4, NULL, SHA2('sample-refresh-token-member-04', 256), '2026-12-14 00:00:00', FALSE, 'Edge on Windows', '10.0.1.4', '2026-09-14 08:00:00'),
    (15, 5, NULL, SHA2('sample-refresh-token-member-05', 256), '2026-12-15 00:00:00', TRUE, 'Chrome on Linux', '10.0.1.5', '2026-09-15 08:00:00'),
    (16, 6, NULL, SHA2('sample-refresh-token-member-06', 256), '2026-12-16 00:00:00', FALSE, 'Mobile Safari', '10.0.1.6', '2026-09-16 08:00:00'),
    (17, 7, NULL, SHA2('sample-refresh-token-member-07', 256), '2026-12-17 00:00:00', FALSE, 'Chrome on Android', '10.0.1.7', '2026-09-17 08:00:00'),
    (18, 8, NULL, SHA2('sample-refresh-token-member-08', 256), '2026-12-18 00:00:00', FALSE, 'Firefox on Linux', '10.0.1.8', '2026-09-18 08:00:00'),
    (19, 9, NULL, SHA2('sample-refresh-token-member-09', 256), '2026-12-19 00:00:00', FALSE, 'Edge on macOS', '10.0.1.9', '2026-09-19 08:00:00'),
    (20, 10, NULL, SHA2('sample-refresh-token-member-10', 256), '2026-12-20 00:00:00', TRUE, 'Chrome on iOS', '10.0.1.10', '2026-09-20 08:00:00');

INSERT INTO post_tag (post_id, tag_id, created_at) VALUES
    (1, 1, '2026-10-01 08:00:00'),
    (2, 9, '2026-10-02 08:00:00'),
    (3, 15, '2026-10-03 08:00:00'),
    (4, 5, '2026-10-04 08:00:00'),
    (5, 5, '2026-10-05 08:00:00'),
    (6, 16, '2026-10-06 08:00:00'),
    (7, 16, '2026-10-07 08:00:00'),
    (8, 6, '2026-10-08 08:00:00'),
    (9, 7, '2026-10-09 08:00:00'),
    (10, 11, '2026-10-10 08:00:00'),
    (11, 9, '2026-10-11 08:00:00'),
    (12, 11, '2026-10-12 08:00:00'),
    (13, 11, '2026-10-13 08:00:00'),
    (14, 6, '2026-10-14 08:00:00'),
    (15, 17, '2026-10-15 08:00:00'),
    (16, 5, '2026-10-16 08:00:00'),
    (17, 10, '2026-10-17 08:00:00'),
    (18, 18, '2026-10-18 08:00:00'),
    (19, 3, '2026-10-19 08:00:00'),
    (20, 20, '2026-10-20 08:00:00');

INSERT INTO engagement (engagement_id, member_id, post_id, parent_engagement_id, engagement_type, comment_content, comment_status, rating_value, created_at, updated_at) VALUES
    (1, 1, 1, NULL, 'VIEW', NULL, NULL, NULL, '2026-11-01 08:00:00', '2026-11-01 08:00:00'),
    (2, 2, 2, NULL, 'LIKE', NULL, NULL, NULL, '2026-11-02 08:00:00', '2026-11-02 08:00:00'),
    (3, 3, 3, NULL, 'BOOKMARK', NULL, NULL, NULL, '2026-11-03 08:00:00', '2026-11-03 08:00:00'),
    (4, 4, 4, NULL, 'RATING', NULL, NULL, 5, '2026-11-04 08:00:00', '2026-11-04 08:00:00'),
    (5, 5, 5, NULL, 'COMMENT', 'Bài viết giúp mình hiểu rõ hơn về bối cảnh thế kỷ III.', 'VISIBLE', NULL, '2026-11-05 08:00:00', '2026-11-05 08:00:00'),
    (6, 6, 6, NULL, 'VIEW', NULL, NULL, NULL, '2026-11-06 08:00:00', '2026-11-06 08:00:00'),
    (7, 7, 7, NULL, 'LIKE', NULL, NULL, NULL, '2026-11-07 08:00:00', '2026-11-07 08:00:00'),
    (8, 8, 8, NULL, 'BOOKMARK', NULL, NULL, NULL, '2026-11-08 08:00:00', '2026-11-08 08:00:00'),
    (9, 9, 9, NULL, 'RATING', NULL, NULL, 4, '2026-11-09 08:00:00', '2026-11-09 08:00:00'),
    (10, 10, 10, NULL, 'COMMENT', 'Phần diễn biến kháng chiến chống Tống rất dễ theo dõi.', 'VISIBLE', NULL, '2026-11-10 08:00:00', '2026-11-10 08:00:00'),
    (11, 11, 11, NULL, 'VIEW', NULL, NULL, NULL, '2026-11-11 08:00:00', '2026-11-11 08:00:00'),
    (12, 12, 12, NULL, 'LIKE', NULL, NULL, NULL, '2026-11-12 08:00:00', '2026-11-12 08:00:00'),
    (13, 13, 13, NULL, 'BOOKMARK', NULL, NULL, NULL, '2026-11-13 08:00:00', '2026-11-13 08:00:00'),
    (14, 14, 14, NULL, 'RATING', NULL, NULL, 5, '2026-11-14 08:00:00', '2026-11-14 08:00:00'),
    (15, 15, 15, NULL, 'COMMENT', 'Mình muốn đọc thêm về các cải cách tiền tệ thời Hồ.', 'PENDING', NULL, '2026-11-15 08:00:00', '2026-11-15 08:00:00');

INSERT INTO engagement (engagement_id, member_id, post_id, parent_engagement_id, engagement_type, comment_content, comment_status, rating_value, created_at, updated_at) VALUES
    (16, 16, 5, 5, 'COMMENT', 'Đúng vậy, phần hình tượng dân gian rất thú vị.', 'VISIBLE', NULL, '2026-11-16 08:00:00', '2026-11-16 08:00:00'),
    (17, 17, 10, 10, 'COMMENT', 'Có thể bổ sung thêm bản đồ chiến dịch không?', 'VISIBLE', NULL, '2026-11-17 08:00:00', '2026-11-17 08:00:00'),
    (18, 18, 15, 15, 'COMMENT', 'Bình luận đang chờ duyệt để tránh trùng nội dung.', 'HIDDEN', NULL, '2026-11-18 08:00:00', '2026-11-18 08:00:00'),
    (19, 19, 18, NULL, 'LIKE', NULL, NULL, NULL, '2026-11-19 08:00:00', '2026-11-19 08:00:00'),
    (20, 20, 20, NULL, 'RATING', NULL, NULL, 5, '2026-11-20 08:00:00', '2026-11-20 08:00:00');

INSERT INTO event_location (event_id, location_id, relation_type, created_at) VALUES
    (1, 1, 'CENTERED_AT', '2026-12-01 08:00:00'),
    (2, 2, 'CAPITAL', '2026-12-02 08:00:00'),
    (3, 2, 'RELATED_TO', '2026-12-03 08:00:00'),
    (4, 3, 'BASE', '2026-12-04 08:00:00'),
    (5, 4, 'BASE', '2026-12-05 08:00:00'),
    (6, 5, 'CAPITAL', '2026-12-06 08:00:00'),
    (7, 5, 'ADMIN_CENTER', '2026-12-07 08:00:00'),
    (8, 7, 'BATTLEFIELD', '2026-12-08 08:00:00'),
    (9, 8, 'CAPITAL', '2026-12-09 08:00:00'),
    (10, 8, 'CAPITAL', '2026-12-10 08:00:00'),
    (11, 9, 'CAPITAL', '2026-12-11 08:00:00'),
    (12, 10, 'BATTLEFIELD', '2026-12-12 08:00:00'),
    (13, 11, 'BATTLEFIELD', '2026-12-13 08:00:00'),
    (14, 7, 'BATTLEFIELD', '2026-12-14 08:00:00'),
    (15, 13, 'CAPITAL', '2026-12-15 08:00:00'),
    (16, 14, 'BASE', '2026-12-16 08:00:00'),
    (17, 15, 'CAPITAL', '2026-12-17 08:00:00'),
    (18, 17, 'BATTLEFIELD', '2026-12-18 08:00:00'),
    (19, 19, 'BATTLEFIELD', '2026-12-19 08:00:00'),
    (20, 20, 'BATTLEFIELD', '2026-12-20 08:00:00');

INSERT INTO participation (participation_id, event_id, person_id, `role`, note, confidence, created_at, updated_at) VALUES
    (1, 1, 1, 'KING', 'Nhân vật truyền thuyết đại diện cho thời Văn Lang.', 0.60, '2027-01-01 08:00:00', '2027-01-01 08:00:00'),
    (2, 2, 2, 'KING', 'Gắn với việc xây thành Cổ Loa.', 0.70, '2027-01-02 08:00:00', '2027-01-02 08:00:00'),
    (3, 4, 3, 'LEADER', 'Một trong hai thủ lĩnh khởi nghĩa.', 0.95, '2027-01-03 08:00:00', '2027-01-03 08:00:00'),
    (4, 4, 4, 'LEADER', 'Cùng Trưng Trắc lãnh đạo cuộc khởi nghĩa.', 0.95, '2027-01-04 08:00:00', '2027-01-04 08:00:00'),
    (5, 5, 5, 'LEADER', 'Thủ lĩnh cuộc khởi nghĩa năm 248.', 0.90, '2027-01-05 08:00:00', '2027-01-05 08:00:00'),
    (6, 6, 6, 'FOUNDER', 'Lập nước Vạn Xuân và xưng đế.', 0.95, '2027-01-06 08:00:00', '2027-01-06 08:00:00'),
    (7, 7, 7, 'REFERENCE', 'Đại diện cho các phong trào chống Đường trong dữ liệu mẫu.', 0.65, '2027-01-07 08:00:00', '2027-01-07 08:00:00'),
    (8, 8, 8, 'COMMANDER', 'Chỉ huy trận Bạch Đằng năm 938.', 0.98, '2027-01-08 08:00:00', '2027-01-08 08:00:00'),
    (9, 9, 9, 'FOUNDER', 'Thống nhất đất nước và lập nhà Đinh.', 0.98, '2027-01-09 08:00:00', '2027-01-09 08:00:00'),
    (10, 10, 10, 'COMMANDER', 'Chỉ huy kháng chiến chống Tống năm 981.', 0.98, '2027-01-10 08:00:00', '2027-01-10 08:00:00'),
    (11, 11, 11, 'KING', 'Ban Chiếu dời đô ra Thăng Long.', 0.98, '2027-01-11 08:00:00', '2027-01-11 08:00:00'),
    (12, 12, 12, 'COMMANDER', 'Chỉ huy kháng chiến chống Tống thế kỷ XI.', 0.98, '2027-01-12 08:00:00', '2027-01-12 08:00:00'),
    (13, 14, 13, 'COMMANDER', 'Tổng chỉ huy kháng chiến chống Nguyên Mông.', 0.98, '2027-01-13 08:00:00', '2027-01-13 08:00:00'),
    (14, 13, 14, 'KING', 'Vua Trần trong giai đoạn kháng chiến chống Nguyên Mông.', 0.90, '2027-01-14 08:00:00', '2027-01-14 08:00:00'),
    (15, 16, 15, 'LEADER', 'Lãnh đạo khởi nghĩa Lam Sơn.', 0.99, '2027-01-15 08:00:00', '2027-01-15 08:00:00'),
    (16, 17, 16, 'AUTHOR', 'Tác giả Bình Ngô đại cáo.', 0.99, '2027-01-16 08:00:00', '2027-01-16 08:00:00'),
    (17, 18, 17, 'COMMANDER', 'Chỉ huy chiến dịch Ngọc Hồi - Đống Đa.', 0.99, '2027-01-17 08:00:00', '2027-01-17 08:00:00'),
    (18, 18, 18, 'OPPONENT', 'Đối thủ chính trị của phong trào Tây Sơn trong giai đoạn cuối.', 0.75, '2027-01-18 08:00:00', '2027-01-18 08:00:00'),
    (19, 19, 19, 'REFERENCE', 'Nhân vật yêu nước tiêu biểu trong bối cảnh Pháp thuộc.', 0.70, '2027-01-19 08:00:00', '2027-01-19 08:00:00'),
    (20, 20, 20, 'COMMANDER', 'Tổng tư lệnh trong chiến dịch Điện Biên Phủ.', 0.99, '2027-01-20 08:00:00', '2027-01-20 08:00:00');

INSERT INTO source (source_id, title, source_type, source_url, file_path, content, author, publication_year, reliability_level, created_at, updated_at) VALUES
    (1, 'Đại Việt sử ký toàn thư - phần ngoại kỷ', 'BOOK', NULL, '/seed/sources/dai-viet-su-ky-toan-thu-ngoai-ky.pdf', 'Tư liệu về truyền thuyết Hùng Vương và các thời kỳ đầu.', 'Ngô Sĩ Liên', 1697, 'HIGH', '2027-02-01 08:00:00', '2027-02-01 08:00:00'),
    (2, 'Cổ Loa: khảo cổ và lịch sử', 'ARTICLE', 'https://example.local/sources/co-loa', NULL, 'Bài nghiên cứu tổng hợp về di tích Cổ Loa và Âu Lạc.', 'Viện Sử học', 2015, 'HIGH', '2027-02-02 08:00:00', '2027-02-02 08:00:00'),
    (3, 'Nam Việt và Âu Lạc', 'BOOK', NULL, '/seed/sources/nam-viet-au-lac.pdf', 'Tư liệu về quan hệ Nam Việt và Âu Lạc.', 'Tác giả mẫu', 2008, 'MEDIUM', '2027-02-03 08:00:00', '2027-02-03 08:00:00'),
    (4, 'Khởi nghĩa Hai Bà Trưng', 'ARTICLE', 'https://example.local/sources/hai-ba-trung', NULL, 'Bài viết về bối cảnh và diễn biến khởi nghĩa Hai Bà Trưng.', 'Tạp chí Lịch sử', 2018, 'HIGH', '2027-02-04 08:00:00', '2027-02-04 08:00:00'),
    (5, 'Bà Triệu trong sử liệu và truyền thuyết', 'PDF', NULL, '/seed/sources/ba-trieu.pdf', 'Tài liệu tổng hợp về Bà Triệu.', 'Nhóm nghiên cứu mẫu', 2020, 'MEDIUM', '2027-02-05 08:00:00', '2027-02-05 08:00:00'),
    (6, 'Nhà nước Vạn Xuân', 'BOOK', NULL, '/seed/sources/van-xuan.pdf', 'Tư liệu về Lý Bí và nhà nước Vạn Xuân.', 'Nhà xuất bản mẫu', 2012, 'HIGH', '2027-02-06 08:00:00', '2027-02-06 08:00:00'),
    (7, 'Tự chủ đầu thế kỷ X', 'ARTICLE', 'https://example.local/sources/tu-chu-the-ky-x', NULL, 'Tổng quan về họ Khúc và họ Dương.', 'Tác giả mẫu', 2016, 'MEDIUM', '2027-02-07 08:00:00', '2027-02-07 08:00:00'),
    (8, 'Bạch Đằng 938', 'PDF', NULL, '/seed/sources/bach-dang-938.pdf', 'Tư liệu quân sự về trận Bạch Đằng năm 938.', 'Trung tâm tư liệu mẫu', 2019, 'HIGH', '2027-02-08 08:00:00', '2027-02-08 08:00:00'),
    (9, 'Đại Cồ Việt thời Đinh', 'BOOK', NULL, '/seed/sources/dai-co-viet-thoi-dinh.pdf', 'Tư liệu về nhà Đinh và Hoa Lư.', 'Tác giả mẫu', 2011, 'HIGH', '2027-02-09 08:00:00', '2027-02-09 08:00:00'),
    (10, 'Kháng chiến chống Tống năm 981', 'ARTICLE', 'https://example.local/sources/chong-tong-981', NULL, 'Bài viết về cuộc chiến năm 981.', 'Tạp chí Quân sử', 2017, 'HIGH', '2027-02-10 08:00:00', '2027-02-10 08:00:00'),
    (11, 'Chiếu dời đô và Thăng Long', 'BOOK', NULL, '/seed/sources/chieu-doi-do.pdf', 'Tư liệu về Chiếu dời đô và sự hình thành Thăng Long.', 'Tác giả mẫu', 2010, 'HIGH', '2027-02-11 08:00:00', '2027-02-11 08:00:00'),
    (12, 'Phòng tuyến Như Nguyệt', 'PDF', NULL, '/seed/sources/nhu-nguyet.pdf', 'Tư liệu về kháng chiến chống Tống thời Lý.', 'Nhóm nghiên cứu mẫu', 2021, 'HIGH', '2027-02-12 08:00:00', '2027-02-12 08:00:00'),
    (13, 'Nhà Trần và năm 1258', 'ARTICLE', 'https://example.local/sources/tran-1258', NULL, 'Bối cảnh cuộc kháng chiến chống Nguyên Mông lần thứ nhất.', 'Tác giả mẫu', 2014, 'MEDIUM', '2027-02-13 08:00:00', '2027-02-13 08:00:00'),
    (14, 'Bạch Đằng 1288 qua sử liệu', 'BOOK', NULL, '/seed/sources/bach-dang-1288.pdf', 'Tư liệu về trận Bạch Đằng năm 1288.', 'Tác giả mẫu', 2009, 'HIGH', '2027-02-14 08:00:00', '2027-02-14 08:00:00'),
    (15, 'Cải cách Hồ Quý Ly', 'ARTICLE', 'https://example.local/sources/ho-quy-ly', NULL, 'Tư liệu về cải cách dưới triều Hồ.', 'Tạp chí Lịch sử', 2013, 'MEDIUM', '2027-02-15 08:00:00', '2027-02-15 08:00:00'),
    (16, 'Lam Sơn thực lục', 'BOOK', NULL, '/seed/sources/lam-son-thuc-luc.pdf', 'Tư liệu về khởi nghĩa Lam Sơn.', 'Tác giả truyền thống', 1500, 'HIGH', '2027-02-16 08:00:00', '2027-02-16 08:00:00'),
    (17, 'Bình Ngô đại cáo', 'MANUAL', NULL, NULL, 'Văn bản chính luận tuyên bố thắng lợi trước quân Minh.', 'Nguyễn Trãi', 1428, 'HIGH', '2027-02-17 08:00:00', '2027-02-17 08:00:00'),
    (18, 'Tây Sơn và mùa xuân Kỷ Dậu', 'ARTICLE', 'https://example.local/sources/tay-son-1789', NULL, 'Bài viết về chiến dịch Ngọc Hồi - Đống Đa.', 'Tác giả mẫu', 2022, 'HIGH', '2027-02-18 08:00:00', '2027-02-18 08:00:00'),
    (19, 'Đà Nẵng 1858', 'PDF', NULL, '/seed/sources/da-nang-1858.pdf', 'Tư liệu về cuộc tấn công Đà Nẵng năm 1858.', 'Trung tâm tư liệu mẫu', 2018, 'MEDIUM', '2027-02-19 08:00:00', '2027-02-19 08:00:00'),
    (20, 'Điện Biên Phủ: điểm hẹn lịch sử', 'BOOK', NULL, '/seed/sources/dien-bien-phu.pdf', 'Tư liệu tổng hợp về chiến dịch Điện Biên Phủ.', 'Nhà xuất bản mẫu', 2014, 'HIGH', '2027-02-20 08:00:00', '2027-02-20 08:00:00');

INSERT INTO event_source (event_id, source_id, page_number, evidence_text, confidence, note, created_at) VALUES
    (1, 1, 12, 'Nguồn ngoại kỷ ghi nhận truyền thống Hùng Vương.', 0.60, 'Dữ liệu có yếu tố truyền thuyết.', '2027-03-01 08:00:00'),
    (2, 2, 23, 'Các lớp thành Cổ Loa phản ánh trung tâm quyền lực Âu Lạc.', 0.82, 'Dựa trên tổng hợp khảo cổ.', '2027-03-02 08:00:00'),
    (3, 3, 45, 'Sự kiện Nam Việt kiểm soát Âu Lạc được ghi trong nhiều nguồn.', 0.70, 'Niên đại có khác biệt giữa nguồn.', '2027-03-03 08:00:00'),
    (4, 4, 18, 'Khởi nghĩa Hai Bà Trưng bùng nổ năm 40.', 0.95, 'Nguồn phổ biến trong sử liệu.', '2027-03-04 08:00:00'),
    (5, 5, 31, 'Bà Triệu lãnh đạo lực lượng chống Đông Ngô.', 0.86, 'Có lớp truyền thuyết dân gian.', '2027-03-05 08:00:00'),
    (6, 6, 27, 'Lý Bí xưng đế và đặt quốc hiệu Vạn Xuân.', 0.94, 'Niên đại được chấp nhận rộng rãi.', '2027-03-06 08:00:00'),
    (7, 7, 15, 'Họ Khúc giành quyền tự chủ tại Tĩnh Hải quân.', 0.88, 'Tư liệu tổng hợp.', '2027-03-07 08:00:00'),
    (8, 8, 9, 'Ngô Quyền bố trí cọc trên sông Bạch Đằng.', 0.96, 'Sự kiện có độ tin cậy cao.', '2027-03-08 08:00:00'),
    (9, 9, 51, 'Đinh Bộ Lĩnh dẹp loạn mười hai sứ quân.', 0.97, 'Nguồn chính thống.', '2027-03-09 08:00:00'),
    (10, 10, 33, 'Lê Hoàn chỉ huy chống Tống năm 981.', 0.96, 'Nguồn quân sử.', '2027-03-10 08:00:00'),
    (11, 11, 5, 'Chiếu dời đô nêu lý do chọn Thăng Long.', 0.98, 'Văn bản nổi tiếng.', '2027-03-11 08:00:00'),
    (12, 12, 42, 'Phòng tuyến Như Nguyệt là điểm quyết chiến.', 0.95, 'Có nhiều nguồn đối chiếu.', '2027-03-12 08:00:00'),
    (13, 13, 21, 'Năm 1258 quân Nguyên tiến vào Đại Việt.', 0.92, 'Tư liệu trung đại.', '2027-03-13 08:00:00'),
    (14, 14, 28, 'Trận Bạch Đằng 1288 kết thúc cuộc xâm lược.', 0.97, 'Nguồn có độ tin cậy cao.', '2027-03-14 08:00:00'),
    (15, 15, 16, 'Hồ Quý Ly thực hiện nhiều cải cách trước khi mất nước.', 0.83, 'Một số đánh giá còn tranh luận.', '2027-03-15 08:00:00'),
    (16, 16, 34, 'Khởi nghĩa Lam Sơn bắt đầu năm 1418.', 0.96, 'Nguồn truyền thống.', '2027-03-16 08:00:00'),
    (17, 17, 1, 'Bình Ngô đại cáo tuyên bố nền độc lập sau kháng chiến.', 0.99, 'Văn bản gốc.', '2027-03-17 08:00:00'),
    (18, 18, 19, 'Quang Trung đánh bại quân Thanh tại Ngọc Hồi - Đống Đa.', 0.96, 'Nguồn hiện đại tổng hợp.', '2027-03-18 08:00:00'),
    (19, 19, 7, 'Pháp nổ súng tấn công Đà Nẵng ngày 1/9/1858.', 0.95, 'Nguồn cận đại.', '2027-03-19 08:00:00'),
    (20, 20, 88, 'Chiến dịch Điện Biên Phủ kết thúc ngày 7/5/1954.', 0.99, 'Nguồn hiện đại.', '2027-03-20 08:00:00');

INSERT INTO rag_chunk (rag_chunk_id, source_type, source_id, chunk_index, chunk_text, qdrant_point_id, content_hash, metadata_json, embedded_at, created_at) VALUES
    (1, 'EVENT', 1, 0, 'Chunk sự kiện về sự hình thành nhà nước Văn Lang.', 'qdrant-event-0001', SHA2('rag-chunk-event-001', 256), '{"sourceType":"EVENT","sourceId":1,"chunkIndex":0}', '2027-04-01 08:00:00', '2027-04-01 08:00:00'),
    (2, 'EVENT', 2, 0, 'Chunk sự kiện về An Dương Vương và thành Cổ Loa.', 'qdrant-event-0002', SHA2('rag-chunk-event-002', 256), '{"sourceType":"EVENT","sourceId":2,"chunkIndex":0}', '2027-04-02 08:00:00', '2027-04-02 08:00:00'),
    (3, 'EVENT', 3, 0, 'Chunk sự kiện về Triệu Đà thôn tính Âu Lạc.', 'qdrant-event-0003', SHA2('rag-chunk-event-003', 256), '{"sourceType":"EVENT","sourceId":3,"chunkIndex":0}', '2027-04-03 08:00:00', '2027-04-03 08:00:00'),
    (4, 'EVENT', 4, 0, 'Chunk sự kiện về khởi nghĩa Hai Bà Trưng.', 'qdrant-event-0004', SHA2('rag-chunk-event-004', 256), '{"sourceType":"EVENT","sourceId":4,"chunkIndex":0}', '2027-04-04 08:00:00', '2027-04-04 08:00:00'),
    (5, 'EVENT', 5, 0, 'Chunk sự kiện về khởi nghĩa Bà Triệu.', 'qdrant-event-0005', SHA2('rag-chunk-event-005', 256), '{"sourceType":"EVENT","sourceId":5,"chunkIndex":0}', '2027-04-05 08:00:00', '2027-04-05 08:00:00'),
    (6, 'POST', 1, 0, 'Chunk bài viết Văn Lang trong ký ức lịch sử.', 'qdrant-post-0001', SHA2('rag-chunk-post-001', 256), '{"sourceType":"POST","sourceId":1,"chunkIndex":0,"tagIds":[1]}', '2027-04-06 08:00:00', '2027-04-06 08:00:00'),
    (7, 'POST', 2, 0, 'Chunk bài viết Cổ Loa và dấu ấn Âu Lạc.', 'qdrant-post-0002', SHA2('rag-chunk-post-002', 256), '{"sourceType":"POST","sourceId":2,"chunkIndex":0,"tagIds":[9]}', '2027-04-07 08:00:00', '2027-04-07 08:00:00'),
    (8, 'POST', 3, 0, 'Chunk bài viết Âu Lạc sau năm 179 trước Công nguyên.', 'qdrant-post-0003', SHA2('rag-chunk-post-003', 256), '{"sourceType":"POST","sourceId":3,"chunkIndex":0,"tagIds":[15]}', '2027-04-08 08:00:00', '2027-04-08 08:00:00'),
    (9, 'POST', 4, 0, 'Chunk bài viết Hai Bà Trưng và khát vọng tự chủ.', 'qdrant-post-0004', SHA2('rag-chunk-post-004', 256), '{"sourceType":"POST","sourceId":4,"chunkIndex":0,"tagIds":[5]}', '2027-04-09 08:00:00', '2027-04-09 08:00:00'),
    (10, 'POST', 5, 0, 'Chunk bài viết Bà Triệu trong thế kỷ III.', 'qdrant-post-0005', SHA2('rag-chunk-post-005', 256), '{"sourceType":"POST","sourceId":5,"chunkIndex":0,"tagIds":[5]}', '2027-04-10 08:00:00', '2027-04-10 08:00:00'),
    (11, 'PERSON', 1, 0, 'Chunk nhân vật Hùng Vương.', 'qdrant-person-0001', SHA2('rag-chunk-person-001', 256), '{"sourceType":"PERSON","sourceId":1,"chunkIndex":0}', '2027-04-11 08:00:00', '2027-04-11 08:00:00'),
    (12, 'PERSON', 2, 0, 'Chunk nhân vật An Dương Vương.', 'qdrant-person-0002', SHA2('rag-chunk-person-002', 256), '{"sourceType":"PERSON","sourceId":2,"chunkIndex":0}', '2027-04-12 08:00:00', '2027-04-12 08:00:00'),
    (13, 'PERSON', 3, 0, 'Chunk nhân vật Trưng Trắc.', 'qdrant-person-0003', SHA2('rag-chunk-person-003', 256), '{"sourceType":"PERSON","sourceId":3,"chunkIndex":0}', '2027-04-13 08:00:00', '2027-04-13 08:00:00'),
    (14, 'PERSON', 4, 0, 'Chunk nhân vật Trưng Nhị.', 'qdrant-person-0004', SHA2('rag-chunk-person-004', 256), '{"sourceType":"PERSON","sourceId":4,"chunkIndex":0}', '2027-04-14 08:00:00', '2027-04-14 08:00:00'),
    (15, 'PERSON', 5, 0, 'Chunk nhân vật Bà Triệu.', 'qdrant-person-0005', SHA2('rag-chunk-person-005', 256), '{"sourceType":"PERSON","sourceId":5,"chunkIndex":0}', '2027-04-15 08:00:00', '2027-04-15 08:00:00'),
    (16, 'SOURCE', 1, 0, 'Chunk nguồn Đại Việt sử ký toàn thư - phần ngoại kỷ.', 'qdrant-source-0001', SHA2('rag-chunk-source-001', 256), '{"sourceType":"SOURCE","sourceId":1,"chunkIndex":0,"pageNumber":12}', '2027-04-16 08:00:00', '2027-04-16 08:00:00'),
    (17, 'SOURCE', 2, 0, 'Chunk nguồn Cổ Loa: khảo cổ và lịch sử.', 'qdrant-source-0002', SHA2('rag-chunk-source-002', 256), '{"sourceType":"SOURCE","sourceId":2,"chunkIndex":0,"pageNumber":23}', '2027-04-17 08:00:00', '2027-04-17 08:00:00'),
    (18, 'SOURCE', 3, 0, 'Chunk nguồn Nam Việt và Âu Lạc.', 'qdrant-source-0003', SHA2('rag-chunk-source-003', 256), '{"sourceType":"SOURCE","sourceId":3,"chunkIndex":0,"pageNumber":45}', '2027-04-18 08:00:00', '2027-04-18 08:00:00'),
    (19, 'SOURCE', 4, 0, 'Chunk nguồn Khởi nghĩa Hai Bà Trưng.', 'qdrant-source-0004', SHA2('rag-chunk-source-004', 256), '{"sourceType":"SOURCE","sourceId":4,"chunkIndex":0,"pageNumber":18}', '2027-04-19 08:00:00', '2027-04-19 08:00:00'),
    (20, 'SOURCE', 5, 0, 'Chunk nguồn Bà Triệu trong sử liệu và truyền thuyết.', 'qdrant-source-0005', SHA2('rag-chunk-source-005', 256), '{"sourceType":"SOURCE","sourceId":5,"chunkIndex":0,"pageNumber":31}', '2027-04-20 08:00:00', '2027-04-20 08:00:00');

INSERT INTO system_settings (setting_key, setting_value, description) VALUES
    ('rag.max_context_chars', '6000', 'Số ký tự ngữ cảnh tối đa gửi sang LLM'),
    ('rag.min_score', '0.35', 'Điểm tương đồng tối thiểu để nhận chunk'),
    ('rag.citation_required', 'true', 'Yêu cầu câu trả lời có trích dẫn nguồn'),
    ('rag.answer_language', 'vi', 'Ngôn ngữ mặc định của câu trả lời'),
    ('rag.rewrite_query', 'true', 'Bật bước viết lại truy vấn trước khi retrieve'),
    ('rag.hybrid_search', 'false', 'Bật/tắt hybrid search khi hạ tầng hỗ trợ'),
    ('rag.graph_depth', '2', 'Độ sâu duyệt graph khi Graph RAG được bật'),
    ('rag.cache_ttl_seconds', '300', 'Thời gian cache kết quả retrieve'),
    ('rag.max_history_messages', '10', 'Số tin nhắn hội thoại giữ làm ngữ cảnh'),
    ('rag.moderation_enabled', 'true', 'Bật kiểm duyệt nội dung đầu vào'),
    ('rag.source_weight', '1.0', 'Trọng số ưu tiên nguồn tài liệu'),
    ('rag.post_weight', '0.8', 'Trọng số ưu tiên bài viết CMS');

