transport,level,conn_id,status,ttft_ms,itl_ms,total_ms,tokens
sse,40,0,ok,170.025,204.390,12229.018,60
sse,40,1,ok,151.762,204.602,12223.267,60
sse,40,2,ok,151.001,204.476,12215.094,60
sse,40,3,ok,135.282,204.614,12207.537,60
sse,40,4,ok,128.819,204.608,12200.695,60
sse,40,5,ok,138.695,205.917,12287.826,60
sse,40,6,ok,133.354,205.881,12280.316,60
sse,40,7,ok,114.608,204.607,12186.400,60
sse,40,8,ok,119.344,204.445,12181.602,60
sse,40,9,ok,104.176,204.638,12177.790,60
sse,40,10,ok,116.371,205.927,12266.064,60
sse,40,11,ok,113.258,205.919,12262.453,60
sse,40,12,ok,105.264,204.371,12163.146,60
sse,40,13,ok,106.346,205.908,12254.924,60
sse,40,14,ok,102.858,205.903,12251.145,60
sse,40,15,ok,99.415,205.917,12248.521,60
sse,40,16,ok,95.895,205.923,12245.364,60
sse,40,17,ok,92.700,205.912,12241.491,60
sse,40,18,ok,89.975,204.346,12146.383,60
sse,40,19,ok,86.075,205.964,12237.954,60
sse,40,20,ok,83.780,205.848,12228.805,60
sse,40,21,ok,80.224,204.293,12133.505,60
sse,40,22,ok,77.362,205.912,12226.168,60
sse,40,23,ok,74.549,204.356,12131.544,60
sse,40,24,ok,71.445,205.925,12221.002,60
sse,40,25,ok,68.809,205.918,12217.990,60
sse,40,26,ok,66.139,205.918,12215.312,60
sse,40,27,ok,63.053,205.911,12211.822,60
sse,40,28,ok,59.799,205.913,12208.687,60
sse,40,29,ok,56.582,205.927,12206.256,60
sse,40,30,ok,54.006,205.925,12203.602,60
sse,40,31,ok,51.695,205.168,12156.593,60
sse,40,32,ok,48.550,205.911,12197.300,60
sse,40,33,ok,45.026,204.918,12135.206,60
sse,40,34,ok,42.580,205.917,12191.700,60
sse,40,35,ok,39.671,205.911,12188.406,60
sse,40,36,ok,36.671,205.252,12146.527,60
sse,40,37,ok,33.504,205.918,12182.653,60
sse,40,38,ok,30.896,205.104,12132.052,60
sse,40,39,ok,28.044,205.108,12129.399,60
ws,40,0,ok,43.131,206.236,12211.063,60
ws,40,1,ok,43.636,206.267,12213.387,60
ws,40,2,ok,42.979,206.193,12208.390,60
ws,40,3,ok,42.750,206.194,12208.192,60
ws,40,4,ok,42.379,205.695,12178.385,60
ws,40,5,ok,42.102,206.221,12209.160,60
ws,40,6,ok,42.514,205.684,12177.883,60
ws,40,7,ok,41.938,206.213,12208.505,60
ws,40,8,ok,41.847,206.332,12215.412,60
ws,40,9,ok,41.557,206.192,12206.912,60
ws,40,10,ok,41.017,206.367,12216.689,60
ws,40,11,ok,40.865,204.951,12132.994,60
ws,40,12,ok,40.534,206.366,12216.123,60
ws,40,13,ok,40.420,206.221,12207.459,60
ws,40,14,ok,40.091,204.973,12133.484,60
ws,40,15,ok,40.480,205.708,12177.222,60
ws,40,16,ok,40.100,206.361,12215.387,60
ws,40,17,ok,40.041,206.357,12215.118,60
ws,40,18,ok,39.532,204.967,12132.568,60
ws,40,19,ok,39.378,204.955,12131.702,60
ws,40,20,ok,39.038,206.213,12205.592,60
ws,40,21,ok,38.530,206.273,12208.651,60
ws,40,22,ok,38.699,206.332,12212.273,60
ws,40,23,ok,38.699,206.354,12213.607,60
ws,40,24,ok,39.290,204.951,12131.411,60
ws,40,25,ok,39.091,204.932,12130.070,60
ws,40,26,ok,38.897,206.315,12211.480,60
ws,40,27,ok,38.647,204.949,12130.663,60
ws,40,28,ok,15.242,206.317,12187.971,60
ws,40,29,ok,14.958,206.317,12187.676,60
ws,40,30,ok,14.764,206.203,12180.730,60
ws,40,31,ok,14.444,206.176,12178.836,60
ws,40,32,ok,14.155,206.346,12188.595,60
ws,40,33,ok,13.830,204.743,12093.659,60
ws,40,34,ok,13.624,206.317,12186.346,60
ws,40,35,ok,13.336,206.201,12179.173,60
ws,40,36,ok,13.559,206.173,12177.767,60
ws,40,37,ok,13.346,206.343,12187.592,60
ws,40,38,ok,13.160,206.198,12178.859,60
ws,40,39,ok,12.912,206.198,12178.620,60
sse,45,0,ok,172.319,223.239,13343.394,60
sse,45,1,ok,166.499,233.555,13946.217,60
sse,45,2,ok,157.403,219.739,13122.005,60
sse,45,3,ok,150.932,230.142,13729.309,60
sse,45,4,ok,146.819,230.102,13722.819,60
sse,45,5,ok,141.160,233.580,13922.357,60
sse,45,6,ok,136.930,230.138,13715.075,60
sse,45,7,ok,132.410,219.737,13096.908,60
sse,45,8,ok,129.294,230.141,13707.584,60
sse,45,9,ok,124.868,226.566,13492.252,60
sse,45,10,ok,121.325,230.137,13699.402,60
sse,45,11,ok,118.359,223.227,13288.778,60
sse,45,12,ok,114.741,230.124,13692.029,60
sse,45,13,ok,112.339,223.164,13278.998,60
sse,45,14,ok,110.594,226.622,13481.303,60
sse,45,15,ok,107.556,223.170,13274.581,60
sse,45,16,ok,104.448,226.609,13474.383,60
sse,45,17,ok,101.276,226.652,13473.745,60
sse,45,18,ok,97.963,226.611,13467.998,60
sse,45,19,ok,95.258,233.549,13874.672,60
sse,45,20,ok,92.064,226.654,13464.667,60
sse,45,21,ok,88.914,226.626,13459.822,60
sse,45,22,ok,85.452,226.641,13457.246,60
sse,45,23,ok,83.053,237.015,14066.949,60
sse,45,24,ok,80.447,230.062,13654.101,60
sse,45,25,ok,77.850,226.590,13446.647,60
sse,45,26,ok,74.865,223.129,13239.469,60
sse,45,27,ok,75.715,233.493,13851.808,60
sse,45,28,ok,72.957,233.493,13849.048,60
sse,45,29,ok,70.322,236.845,14044.169,60
sse,45,30,ok,67.405,226.588,13436.085,60
sse,45,31,ok,64.337,233.479,13839.590,60
sse,45,32,ok,61.654,226.514,13426.005,60
sse,45,33,ok,58.431,230.021,13629.672,60
sse,45,34,ok,55.369,233.490,13831.303,60
sse,45,35,ok,52.663,219.641,13011.497,60
sse,45,36,ok,49.948,233.469,13824.627,60
sse,45,37,ok,46.903,230.002,13616.997,60
sse,45,38,ok,44.064,233.473,13818.953,60
sse,45,39,ok,40.999,230.028,13612.654,60
sse,45,40,ok,38.170,226.537,13403.824,60
sse,45,41,ok,35.486,230.011,13606.158,60
sse,45,42,ok,32.410,236.945,14012.192,60
sse,45,43,ok,29.557,223.042,13189.011,60
sse,45,44,ok,26.636,226.562,13393.786,60
ws,45,0,ok,68.183,222.993,13224.747,60
ws,45,1,ok,67.507,226.480,13429.820,60
ws,45,2,ok,66.852,226.496,13430.143,60
ws,45,3,ok,66.387,233.425,13838.456,60
ws,45,4,ok,65.651,222.980,13221.461,60
ws,45,5,ok,65.079,215.953,12806.282,60
ws,45,6,ok,64.708,236.911,14042.479,60
ws,45,7,ok,64.236,226.511,13428.377,60
ws,45,8,ok,63.783,226.478,13425.959,60
ws,45,9,ok,63.318,226.477,13425.449,60
ws,45,10,ok,62.864,226.476,13424.948,60
ws,45,11,ok,62.351,226.511,13426.488,60
ws,45,12,ok,61.818,219.506,13012.672,60
ws,45,13,ok,61.374,215.952,12802.558,60
ws,45,14,ok,60.895,233.424,13832.906,60
ws,45,15,ok,60.416,219.504,13011.133,60
ws,45,16,ok,59.883,229.923,13625.359,60
ws,45,17,ok,59.680,229.946,13626.499,60
ws,45,18,ok,59.276,229.992,13628.778,60
ws,45,19,ok,60.063,226.476,13422.170,60
ws,45,20,ok,59.640,233.411,13830.875,60
ws,45,21,ok,58.533,233.388,13828.445,60
ws,45,22,ok,58.884,226.415,13417.345,60
ws,45,23,ok,58.471,236.895,14035.268,60
ws,45,24,ok,58.062,240.381,14240.538,60
ws,45,25,ok,57.664,229.903,13621.932,60
ws,45,26,ok,57.222,229.902,13621.468,60
ws,45,27,ok,17.404,219.386,12961.175,60
ws,45,28,ok,17.073,229.954,13584.344,60
ws,45,29,ok,16.424,233.393,13786.628,60
ws,45,30,ok,16.208,226.423,13375.137,60
ws,45,31,ok,16.348,222.963,13171.153,60
ws,45,32,ok,16.128,229.897,13580.079,60
ws,45,33,ok,15.862,226.446,13376.155,60
ws,45,34,ok,15.363,219.474,12964.309,60
ws,45,35,ok,15.253,229.909,13579.894,60
ws,45,36,ok,15.067,226.464,13376.442,60
ws,45,37,ok,14.888,233.412,13786.172,60
ws,45,38,ok,14.698,222.976,13170.264,60
ws,45,39,ok,14.453,222.966,13169.443,60
ws,45,40,ok,14.213,229.903,13578.501,60
ws,45,41,ok,14.033,233.410,13785.244,60
ws,45,42,ok,14.267,226.455,13375.103,60
ws,45,43,ok,14.098,226.459,13375.196,60
ws,45,44,ok,14.164,233.408,13785.248,60
sse,50,0,ok,193.207,245.521,14678.944,60
sse,50,1,ok,183.368,249.137,14882.463,60
sse,50,2,ok,175.132,249.138,14874.276,60
sse,50,3,ok,167.660,238.563,14242.868,60
sse,50,4,ok,162.773,245.577,14651.804,60
sse,50,5,ok,157.215,256.026,15262.745,60
sse,50,6,ok,152.455,249.061,14847.033,60
sse,50,7,ok,146.494,245.592,14636.401,60
sse,50,8,ok,142.808,249.103,14839.877,60
sse,50,9,ok,138.095,245.586,14627.684,60
sse,50,10,ok,135.851,249.093,14832.311,60
sse,50,11,ok,132.154,256.063,15239.852,60
sse,50,12,ok,127.098,242.035,14407.155,60
sse,50,13,ok,124.962,252.566,15026.332,60
sse,50,14,ok,120.277,256.049,15227.174,60
sse,50,15,ok,118.858,256.047,15225.631,60
sse,50,16,ok,117.302,259.433,15423.861,60
sse,50,17,ok,114.470,256.000,15218.441,60
sse,50,18,ok,109.002,256.042,15215.462,60
sse,50,19,ok,108.580,252.567,15010.021,60
sse,50,20,ok,106.736,259.398,15411.189,60
sse,50,21,ok,101.069,238.544,14175.172,60
sse,50,22,ok,99.282,241.942,14373.861,60
sse,50,23,ok,95.927,255.998,15199.784,60
sse,50,24,ok,94.602,252.531,14993.942,60
sse,50,25,ok,90.730,245.472,14573.559,60
sse,50,26,ok,85.432,242.047,14366.234,60
sse,50,27,ok,83.065,256.038,15189.302,60
sse,50,28,ok,79.496,245.502,14564.115,60
sse,50,29,ok,80.778,255.974,15183.263,60
sse,50,30,ok,77.994,249.037,14771.163,60
sse,50,31,ok,75.457,259.368,15378.143,60
sse,50,32,ok,72.128,249.020,14764.324,60
sse,50,33,ok,69.255,249.011,14760.897,60
sse,50,34,ok,66.367,248.975,14755.863,60
sse,50,35,ok,63.915,249.010,14755.477,60
sse,50,36,ok,61.303,249.027,14753.886,60
sse,50,37,ok,56.385,262.827,15563.152,60
sse,50,38,ok,260.286,252.508,15158.235,60
sse,50,39,ok,52.490,255.915,15151.473,60
sse,50,40,ok,461.227,252.400,15352.857,60
sse,50,41,ok,46.772,245.486,14530.473,60
sse,50,42,ok,43.859,252.520,14942.524,60
sse,50,43,ok,246.374,262.734,15747.652,60
sse,50,44,ok,449.902,252.410,15342.071,60
sse,50,45,ok,446.759,255.898,15544.722,60
sse,50,46,ok,443.847,255.792,15535.575,60
sse,50,47,ok,441.188,255.828,15535.055,60
sse,50,48,ok,232.116,249.044,14925.692,60
sse,50,49,ok,227.949,245.489,14711.828,60
ws,50,0,ok,73.719,247.009,14647.271,60
ws,50,1,ok,73.079,250.482,14851.539,60
ws,50,2,ok,72.509,250.519,14853.109,60
ws,50,3,ok,71.718,246.971,14643.018,60
ws,50,4,ok,71.164,243.592,14443.105,60
ws,50,5,ok,70.755,243.548,14440.065,60
ws,50,6,ok,70.162,253.973,15054.591,60
ws,50,7,ok,69.646,247.068,14646.639,60
ws,50,8,ok,69.001,250.447,14845.392,60
ws,50,9,ok,68.677,240.104,14234.841,60
ws,50,10,ok,68.321,236.683,14032.603,60
ws,50,11,ok,67.649,243.648,14442.905,60
ws,50,12,ok,67.442,243.579,14438.593,60
ws,50,13,ok,67.540,260.944,15463.259,60
ws,50,14,ok,66.186,253.975,15050.738,60
ws,50,15,ok,20.743,250.510,14800.809,60
ws,50,16,ok,20.609,247.017,14594.592,60
ws,50,17,ok,20.257,250.473,14798.155,60
ws,50,18,ok,20.196,250.473,14798.095,60
ws,50,19,ok,19.851,250.473,14797.739,60
ws,50,20,ok,20.176,257.438,15209.002,60
ws,50,21,ok,19.601,247.071,14596.775,60
ws,50,22,ok,19.282,247.031,14594.116,60
ws,50,23,ok,19.232,253.949,15002.243,60
ws,50,24,ok,18.906,257.446,15208.206,60
ws,50,25,ok,18.870,257.449,15208.384,60
ws,50,26,ok,19.134,250.441,14795.146,60
ws,50,27,ok,18.322,243.641,14393.155,60
ws,50,28,ok,18.256,264.408,15618.351,60
ws,50,29,ok,17.916,253.943,15000.583,60
ws,50,30,ok,17.855,257.475,15208.882,60
ws,50,31,ok,17.401,250.439,14793.293,60
ws,50,32,ok,17.375,250.473,14795.302,60
ws,50,33,ok,17.772,260.930,15412.629,60
ws,50,34,ok,17.182,247.083,14595.056,60
ws,50,35,ok,17.506,247.048,14593.327,60
ws,50,36,ok,17.326,253.941,14999.820,60
ws,50,37,ok,17.144,264.392,15616.280,60
ws,50,38,ok,16.913,253.962,15000.694,60
ws,50,39,ok,16.683,257.442,15205.757,60
ws,50,40,ok,16.475,250.500,14795.994,60
ws,50,41,ok,16.245,247.054,14592.440,60
ws,50,42,ok,16.010,257.454,15205.806,60
ws,50,43,ok,15.830,243.531,14384.148,60
ws,50,44,ok,15.656,257.465,15206.115,60
ws,50,45,ok,15.476,253.974,14999.960,60
ws,50,46,ok,15.303,246.975,14586.835,60
ws,50,47,ok,15.128,250.527,14796.221,60
ws,50,48,ok,14.841,247.075,14592.258,60
ws,50,49,ok,14.975,250.429,14790.260,60
sse,55,0,ok,200.014,270.362,16151.391,60
sse,55,1,ok,188.595,256.421,15317.422,60
sse,55,2,ok,186.890,270.321,16135.821,60
sse,55,3,ok,176.101,270.454,16132.873,60
sse,55,4,ok,177.508,280.862,16748.394,60
sse,55,5,ok,164.337,273.982,16329.246,60
sse,55,6,ok,166.065,277.432,16534.550,60
sse,55,7,ok,155.953,270.450,16112.528,60
sse,55,8,ok,150.717,256.548,15287.075,60
sse,55,9,ok,154.747,270.360,16105.972,60
sse,55,10,ok,152.646,280.902,16725.893,60
sse,55,11,ok,149.219,270.370,16101.020,60
sse,55,12,ok,144.222,284.356,16921.202,60
sse,55,13,ok,143.286,270.336,16093.092,60
sse,55,14,ok,138.940,273.834,16295.150,60
sse,55,15,ok,136.805,270.325,16086.008,60
sse,55,16,ok,132.708,277.392,16498.833,60
sse,55,17,ok,129.025,259.922,15464.418,60
sse,55,18,ok,126.022,266.855,15870.445,60
sse,55,19,ok,125.590,270.315,16074.148,60
sse,55,20,ok,120.001,259.926,15455.629,60
sse,55,21,ok,123.447,277.258,16481.643,60
sse,55,22,ok,115.282,273.833,16271.419,60
sse,55,23,ok,113.134,273.836,16269.469,60
sse,55,24,ok,111.203,263.355,15649.123,60
sse,55,25,ok,106.470,273.841,16263.095,60
sse,55,26,ok,103.698,284.306,16877.733,60
sse,55,27,ok,105.782,270.262,16051.265,60
sse,55,28,ok,99.176,277.351,16462.867,60
sse,55,29,ok,96.145,277.365,16460.705,60
sse,55,30,ok,96.598,270.244,16041.010,60
sse,55,31,ok,90.006,284.305,16864.013,60
sse,55,32,ok,87.706,270.275,16033.905,60
sse,55,33,ok,84.053,263.342,15621.255,60
sse,55,34,ok,84.480,270.228,16027.915,60
sse,55,35,ok,82.425,273.785,16235.764,60
sse,55,36,ok,79.733,284.210,16848.111,60
sse,55,37,ok,76.744,277.295,16437.172,60
sse,55,38,ok,73.663,270.300,16021.359,60
sse,55,39,ok,70.618,266.770,15810.062,60
sse,55,40,ok,67.601,280.786,16633.952,60
sse,55,41,ok,64.909,270.270,16010.828,60
sse,55,42,ok,61.770,284.234,16831.589,60
sse,55,43,ok,58.085,273.763,16210.080,60
sse,55,44,ok,55.560,266.722,15792.150,60
sse,55,45,ok,52.592,266.776,15792.403,60
sse,55,46,ok,249.219,277.406,16616.196,60
sse,55,47,ok,245.870,273.910,16406.581,60
sse,55,48,ok,234.006,274.077,16404.529,60
sse,55,49,ok,240.533,284.320,17015.438,60
sse,55,50,ok,236.816,270.369,16188.586,60
sse,55,51,ok,234.090,270.402,16187.806,60
sse,55,52,ok,231.662,266.916,15979.721,60
sse,55,53,ok,228.266,284.323,17003.302,60
sse,55,54,ok,216.336,277.545,16591.495,60
ws,55,0,ok,42.589,265.390,15700.585,60
ws,55,1,ok,41.802,272.350,16110.435,60
ws,55,2,ok,40.968,261.936,15495.187,60
ws,55,3,ok,40.421,272.391,16111.506,60
ws,55,4,ok,39.971,275.920,16319.237,60
ws,55,5,ok,39.567,265.370,15696.386,60
ws,55,6,ok,39.011,279.219,16512.926,60
ws,55,7,ok,38.592,258.477,15288.761,60
ws,55,8,ok,38.104,268.839,15899.629,60
ws,55,9,ok,37.692,279.257,16513.865,60
ws,55,10,ok,37.130,272.407,16109.128,60
ws,55,11,ok,36.669,286.162,16920.203,60
ws,55,12,ok,36.232,272.409,16108.367,60
ws,55,13,ok,35.673,282.475,16701.677,60
ws,55,14,ok,37.426,282.821,16723.878,60
ws,55,15,ok,34.969,275.913,16313.835,60
ws,55,16,ok,38.222,275.853,16313.532,60
ws,55,17,ok,37.227,272.354,16106.132,60
ws,55,18,ok,36.769,272.336,16104.605,60
ws,55,19,ok,36.359,272.347,16104.834,60
ws,55,20,ok,35.824,268.786,15894.181,60
ws,55,21,ok,34.544,268.868,15897.748,60
ws,55,22,ok,35.852,275.856,16311.332,60
ws,55,23,ok,35.449,279.325,16515.635,60
ws,55,24,ok,34.585,279.175,16505.909,60
ws,55,25,ok,34.146,275.863,16310.076,60
ws,55,26,ok,33.666,275.866,16309.787,60
ws,55,27,ok,32.510,258.365,15276.045,60
ws,55,28,ok,31.602,272.306,16097.656,60
ws,55,29,ok,32.783,268.848,15894.818,60
ws,55,30,ok,31.747,275.697,16297.880,60
ws,55,31,ok,31.218,279.349,16512.798,60
ws,55,32,ok,30.732,268.874,15894.292,60
ws,55,33,ok,30.190,265.318,15683.940,60
ws,55,34,ok,28.894,272.363,16098.334,60
ws,55,35,ok,28.306,275.888,16305.701,60
ws,55,36,ok,29.609,268.772,15887.172,60
ws,55,37,ok,28.764,272.354,16097.674,60
ws,55,38,ok,28.353,275.864,16304.330,60
ws,55,39,ok,27.997,258.388,15272.895,60
ws,55,40,ok,27.408,265.297,15679.910,60
ws,55,41,ok,26.167,261.899,15478.200,60
ws,55,42,ok,23.886,279.377,16507.145,60
ws,55,43,ok,27.097,268.848,15889.127,60
ws,55,44,ok,26.287,272.295,16091.663,60
ws,55,45,ok,25.878,275.863,16301.819,60
ws,55,46,ok,25.423,279.351,16507.140,60
ws,55,47,ok,24.941,279.334,16505.640,60
ws,55,48,ok,23.688,279.184,16495.517,60
ws,55,49,ok,25.027,279.321,16504.945,60
ws,55,50,ok,24.436,275.858,16300.057,60
ws,55,51,ok,23.744,279.174,16495.026,60
ws,55,52,ok,23.380,275.778,16294.290,60
ws,55,53,ok,22.980,272.384,16093.617,60
ws,55,54,ok,22.681,279.167,16493.515,60
sse,60,0,ok,223.317,291.435,17418.007,60
sse,60,1,ok,212.001,288.046,17206.721,60
sse,60,2,ok,203.732,284.530,16990.989,60
sse,60,3,ok,198.443,291.418,17392.075,60
sse,60,4,ok,192.651,288.007,17185.068,60
sse,60,5,ok,186.419,291.435,17381.082,60
sse,60,6,ok,182.034,280.865,16753.045,60
sse,60,7,ok,175.718,287.960,17165.373,60
sse,60,8,ok,172.942,301.745,17975.877,60
sse,60,9,ok,169.000,287.994,17160.640,60
sse,60,10,ok,163.403,288.039,17157.684,60
sse,60,11,ok,161.955,284.533,16949.385,60
sse,60,12,ok,158.649,287.961,17148.343,60
sse,60,13,ok,155.366,294.838,17550.788,60
sse,60,14,ok,153.247,287.910,17139.954,60
sse,60,15,ok,148.408,288.007,17140.810,60
sse,60,16,ok,145.336,281.028,16726.014,60
sse,60,17,ok,146.220,298.191,17739.513,60
sse,60,18,ok,143.477,291.258,17327.688,60
sse,60,19,ok,136.535,281.003,16715.702,60
sse,60,20,ok,139.416,294.729,17528.449,60
sse,60,21,ok,133.100,294.750,17523.369,60
sse,60,22,ok,134.245,287.848,17117.252,60
sse,60,23,ok,127.046,294.779,17518.997,60
sse,60,24,ok,123.146,291.385,17314.877,60
sse,60,25,ok,125.621,291.212,17307.135,60
sse,60,26,ok,118.307,291.414,17311.747,60
sse,60,27,ok,113.901,291.446,17309.210,60
sse,60,28,ok,112.450,291.418,17306.097,60
sse,60,29,ok,109.783,294.772,17501.340,60
sse,60,30,ok,112.455,291.246,17295.993,60
sse,60,31,ok,107.460,301.641,17904.304,60
sse,60,32,ok,102.700,298.186,17695.656,60
sse,60,33,ok,98.578,294.763,17489.574,60
sse,60,34,ok,98.374,280.906,16671.833,60
sse,60,35,ok,95.196,284.248,16865.846,60
sse,60,36,ok,290.955,298.280,17889.501,60
sse,60,37,ok,89.460,294.703,17476.928,60
sse,60,38,ok,86.580,280.856,16657.062,60
sse,60,39,ok,86.526,294.767,17477.805,60
sse,60,40,ok,83.487,294.715,17471.646,60
sse,60,41,ok,274.292,291.395,17466.568,60
sse,60,42,ok,76.155,277.313,16437.610,60
sse,60,43,ok,73.367,291.265,17258.017,60
sse,60,44,ok,267.196,294.864,17664.187,60
sse,60,45,ok,66.374,294.816,17460.490,60
sse,60,46,ok,66.026,294.791,17458.675,60
sse,60,47,ok,62.931,291.261,17247.332,60
sse,60,48,ok,60.235,298.179,17652.771,60
sse,60,49,ok,252.943,291.399,17445.490,60
sse,60,50,ok,54.464,287.777,17033.333,60
sse,60,51,ok,251.164,294.788,17643.648,60
sse,60,52,ok,249.130,294.726,17637.977,60
sse,60,53,ok,240.781,291.462,17437.017,60
sse,60,54,ok,238.329,284.469,17022.015,60
sse,60,55,ok,235.507,287.862,17219.354,60
sse,60,56,ok,232.332,291.424,17426.341,60
sse,60,57,ok,229.247,301.758,18032.977,60
sse,60,58,ok,226.201,291.373,17417.234,60
sse,60,59,ok,227.755,277.496,16600.028,60
ws,60,0,ok,51.375,301.346,17830.787,60
ws,60,1,ok,50.486,290.899,17213.509,60
ws,60,2,ok,49.962,287.382,17005.487,60
ws,60,3,ok,49.426,290.899,17212.473,60
ws,60,4,ok,49.000,276.779,16378.957,60
ws,60,5,ok,48.568,287.375,17003.678,60
ws,60,6,ok,48.241,273.290,16172.334,60
ws,60,7,ok,47.686,283.822,16793.199,60
ws,60,8,ok,47.232,290.899,17210.269,60
ws,60,9,ok,46.962,283.863,16794.886,60
ws,60,10,ok,46.590,287.367,17001.256,60
ws,60,11,ok,46.237,297.821,17617.651,60
ws,60,12,ok,47.222,287.347,17000.671,60
ws,60,13,ok,46.313,287.379,17001.648,60
ws,60,14,ok,45.933,294.334,17411.664,60
ws,60,15,ok,45.589,283.850,16792.711,60
ws,60,16,ok,45.160,283.811,16789.982,60
ws,60,17,ok,44.771,283.812,16789.707,60
ws,60,18,ok,44.377,283.840,16790.908,60
ws,60,19,ok,44.800,283.853,16792.131,60
ws,60,20,ok,44.044,294.308,17408.221,60
ws,60,21,ok,43.725,287.388,16999.603,60
ws,60,22,ok,43.433,287.411,17000.664,60
ws,60,23,ok,43.062,287.389,16999.018,60
ws,60,24,ok,42.664,290.888,17205.052,60
ws,60,25,ok,42.329,283.811,16787.180,60
ws,60,26,ok,42.334,280.357,16583.422,60
ws,60,27,ok,42.026,287.388,16997.914,60
ws,60,28,ok,41.685,294.310,17406.001,60
ws,60,29,ok,41.371,280.352,16582.144,60
ws,60,30,ok,41.003,269.716,15954.272,60
ws,60,31,ok,40.672,294.360,17407.917,60
ws,60,32,ok,41.070,294.333,17406.718,60
ws,60,33,ok,40.269,283.852,16787.564,60
ws,60,34,ok,39.926,283.810,16784.719,60
ws,60,35,ok,39.576,280.353,16580.398,60
ws,60,36,ok,39.280,287.389,16995.214,60
ws,60,37,ok,38.925,287.381,16994.431,60
ws,60,38,ok,38.588,280.352,16579.381,60
ws,60,39,ok,38.269,287.338,16991.225,60
ws,60,40,ok,38.232,297.805,17608.735,60
ws,60,41,ok,37.875,287.388,16993.792,60
ws,60,42,ok,37.550,280.288,16574.550,60
ws,60,43,ok,37.219,280.342,16577.399,60
ws,60,44,ok,37.707,297.795,17607.638,60
ws,60,45,ok,37.835,283.836,16784.130,60
ws,60,46,ok,37.472,287.353,16991.276,60
ws,60,47,ok,37.289,290.843,17197.008,60
ws,60,48,ok,36.632,280.342,16576.839,60
ws,60,49,ok,36.721,283.832,16782.831,60
ws,60,50,ok,36.512,290.843,17196.258,60
ws,60,51,ok,36.185,294.327,17401.505,60
ws,60,52,ok,35.877,294.317,17400.587,60
ws,60,53,ok,35.752,294.330,17401.238,60
ws,60,54,ok,35.396,290.843,17195.111,60
ws,60,55,ok,35.211,297.783,17604.436,60
ws,60,56,ok,34.954,290.835,17194.248,60
ws,60,57,ok,34.687,290.843,17194.416,60
ws,60,58,ok,34.497,294.320,17399.367,60
ws,60,59,ok,33.816,280.350,16574.470,60
sse,70,0,ok,247.666,347.105,20726.885,60
sse,70,1,ok,237.323,340.401,20320.973,60
sse,70,2,ok,228.808,333.402,19899.526,60
sse,70,3,ok,227.230,333.247,19888.807,60
sse,70,4,ok,221.509,340.328,20300.873,60
sse,70,5,ok,216.409,333.276,19879.715,60
sse,70,6,ok,211.078,343.522,20478.856,60
sse,70,7,ok,206.845,340.321,20285.755,60
sse,70,8,ok,204.156,340.298,20281.715,60
sse,70,9,ok,200.546,336.778,20070.461,60
sse,70,10,ok,196.705,340.280,20273.250,60
sse,70,11,ok,192.878,322.662,19229.910,60
sse,70,12,ok,186.491,333.313,19851.946,60
sse,70,13,ok,185.975,333.220,19845.978,60
sse,70,14,ok,180.671,340.333,20260.301,60
sse,70,15,ok,181.416,340.257,20256.581,60
sse,70,16,ok,178.245,336.719,20044.655,60
sse,70,17,ok,178.828,340.175,20249.174,60
sse,70,18,ok,170.973,340.246,20245.464,60
sse,70,19,ok,166.821,343.720,20446.288,60
sse,70,20,ok,169.526,329.665,19619.732,60
sse,70,21,ok,165.587,340.204,20237.622,60
sse,70,22,ok,158.621,343.675,20435.437,60
sse,70,23,ok,158.957,340.202,20230.851,60
sse,70,24,ok,154.914,343.665,20431.144,60
sse,70,25,ok,152.177,343.690,20429.899,60
sse,70,26,ok,152.504,343.651,20427.886,60
sse,70,27,ok,148.183,329.682,19599.415,60
sse,70,28,ok,146.829,343.643,20421.790,60
sse,70,29,ok,146.407,347.090,20624.699,60
sse,70,30,ok,331.857,333.413,20003.233,60
sse,70,31,ok,136.504,336.685,20000.941,60
sse,70,32,ok,135.600,340.145,20204.128,60
sse,70,33,ok,132.163,347.113,20611.823,60
sse,70,34,ok,129.465,333.110,19782.951,60
sse,70,35,ok,127.612,343.607,20400.424,60
sse,70,36,ok,124.807,347.083,20602.685,60
sse,70,37,ok,121.233,343.641,20396.075,60
sse,70,38,ok,117.975,343.623,20391.746,60
sse,70,39,ok,305.215,333.393,19975.395,60
sse,70,40,ok,112.726,329.613,19559.912,60
sse,70,41,ok,298.701,333.410,19969.897,60
sse,70,42,ok,296.602,340.347,20377.048,60
sse,70,43,ok,106.248,343.589,20377.978,60
sse,70,44,ok,290.635,340.423,20375.602,60
sse,70,45,ok,288.547,343.862,20576.433,60
sse,70,46,ok,284.312,336.942,20163.877,60
sse,70,47,ok,281.253,343.894,20571.015,60
sse,70,48,ok,279.622,333.385,19949.315,60
sse,70,49,ok,277.170,336.688,20141.755,60
sse,70,50,ok,273.687,333.397,19944.082,60
sse,70,51,ok,270.783,336.933,20149.839,60
sse,70,52,ok,267.668,326.436,19527.410,60
sse,70,53,ok,265.652,340.374,20347.699,60
sse,70,54,ok,261.415,340.401,20345.055,60
sse,70,55,ok,259.317,336.904,20136.670,60
sse,70,56,ok,257.147,333.373,19926.177,60
sse,70,57,ok,254.666,343.851,20541.849,60
sse,70,58,ok,250.471,336.937,20129.729,60
sse,70,59,ok,248.601,340.351,20329.293,60
sse,70,60,ok,244.910,329.867,19707.039,60
sse,70,61,ok,242.844,329.881,19705.803,60
sse,70,62,ok,239.317,333.387,19909.142,60
sse,70,63,ok,237.116,333.399,19907.643,60
sse,70,64,ok,233.496,340.403,20317.301,60
sse,70,65,ok,230.367,326.370,19486.172,60
sse,70,66,ok,228.863,343.872,20517.319,60
sse,70,67,ok,225.795,340.377,20308.027,60
sse,70,68,ok,221.309,336.995,20104.012,60
sse,70,69,ok,219.908,343.859,20507.608,60
ws,70,0,ok,44.416,358.056,21169.747,60
ws,70,1,ok,44.277,354.501,20959.858,60
ws,70,2,ok,43.651,354.527,20960.731,60
ws,70,3,ok,43.056,354.397,20952.465,60
ws,70,4,ok,42.684,357.871,21157.049,60
ws,70,5,ok,42.232,357.926,21159.888,60
ws,70,6,ok,41.875,351.105,20757.070,60
ws,70,7,ok,41.477,351.130,20758.133,60
ws,70,8,ok,41.081,350.885,20743.289,60
ws,70,9,ok,40.655,350.887,20742.993,60
ws,70,10,ok,40.291,351.088,20754.499,60
ws,70,11,ok,41.430,354.523,20958.271,60
ws,70,12,ok,41.074,351.102,20756.083,60
ws,70,13,ok,40.674,354.554,20959.336,60
ws,70,14,ok,39.714,361.474,21366.676,60
ws,70,15,ok,39.376,357.963,21159.197,60
ws,70,16,ok,39.089,358.025,21162.587,60
ws,70,17,ok,38.746,354.400,20948.342,60
ws,70,18,ok,38.453,357.902,21154.684,60
ws,70,19,ok,40.566,358.058,21165.986,60
ws,70,20,ok,40.217,361.324,21358.330,60
ws,70,21,ok,39.895,354.539,20957.672,60
ws,70,22,ok,39.598,361.324,21357.702,60
ws,70,23,ok,39.281,358.070,21165.402,60
ws,70,24,ok,38.995,351.057,20751.352,60
ws,70,25,ok,38.719,354.542,20956.706,60
ws,70,26,ok,38.370,361.285,21354.171,60
ws,70,27,ok,37.337,357.885,21152.539,60
ws,70,28,ok,36.357,354.516,20952.821,60
ws,70,29,ok,36.056,358.102,21164.049,60
ws,70,30,ok,35.922,361.517,21365.412,60
ws,70,31,ok,35.618,357.894,21151.358,60
ws,70,32,ok,35.318,354.490,20950.202,60
ws,70,33,ok,34.890,358.254,21171.892,60
ws,70,34,ok,34.618,354.383,20943.244,60
ws,70,35,ok,34.286,357.947,21153.153,60
ws,70,36,ok,34.123,354.490,20949.021,60
ws,70,37,ok,32.744,357.902,21148.953,60
ws,70,38,ok,34.797,357.909,21151.436,60
ws,70,39,ok,30.101,357.924,21147.625,60
ws,70,40,ok,29.851,357.924,21147.373,60
ws,70,41,ok,28.945,357.884,21144.108,60
ws,70,42,ok,28.622,357.884,21143.792,60
ws,70,43,ok,28.339,354.506,20944.183,60
ws,70,44,ok,28.020,354.506,20943.901,60
ws,70,45,ok,27.758,358.020,21150.929,60
ws,70,46,ok,27.503,354.478,20941.701,60
ws,70,47,ok,27.271,354.840,20962.835,60
ws,70,48,ok,27.010,357.937,21145.322,60
ws,70,49,ok,26.853,357.836,21139.201,60
ws,70,50,ok,26.614,354.357,20933.664,60
ws,70,51,ok,25.828,354.383,20934.431,60
ws,70,52,ok,25.593,351.086,20739.647,60
ws,70,53,ok,25.364,361.342,21344.546,60
ws,70,54,ok,25.078,354.490,20940.010,60
ws,70,55,ok,24.832,357.846,21137.723,60
ws,70,56,ok,24.591,357.845,21137.456,60
ws,70,57,ok,24.354,357.895,21140.136,60
ws,70,58,ok,25.338,358.057,21150.724,60
ws,70,59,ok,25.061,361.323,21343.123,60
ws,70,60,ok,24.826,357.864,21138.831,60
ws,70,61,ok,24.589,351.080,20738.327,60
ws,70,62,ok,24.370,361.438,21349.217,60
ws,70,63,ok,24.156,357.972,21144.492,60
ws,70,64,ok,23.896,351.368,20754.585,60
ws,70,65,ok,24.186,357.918,21141.376,60
ws,70,66,ok,23.966,358.037,21148.159,60
ws,70,67,ok,23.635,357.904,21139.970,60
ws,70,68,ok,23.247,361.482,21350.697,60
ws,70,69,ok,22.769,361.327,21341.041,60
sse,80,0,ok,267.600,403.010,24045.167,60
sse,80,1,ok,271.206,403.383,24070.825,60
sse,80,2,ok,263.059,402.737,24024.531,60
sse,80,3,ok,259.560,403.611,24072.627,60
sse,80,4,ok,249.527,402.308,23985.724,60
sse,80,5,ok,249.107,403.693,24066.975,60
sse,80,6,ok,241.900,403.351,24039.624,60
sse,80,7,ok,236.321,402.815,24002.396,60
sse,80,8,ok,232.063,402.294,23967.379,60
sse,80,9,ok,222.076,402.911,23993.813,60
sse,80,10,ok,224.529,402.826,23991.278,60
sse,80,11,ok,220.644,403.387,24020.452,60
sse,80,12,ok,224.260,403.261,24016.639,60
sse,80,13,ok,216.720,402.780,23980.712,60
sse,80,14,ok,213.946,403.687,24031.459,60
sse,80,15,ok,210.187,403.634,24024.599,60
sse,80,16,ok,210.592,402.170,23938.633,60
sse,80,17,ok,204.950,403.575,24015.860,60
sse,80,18,ok,203.078,403.591,24014.966,60
sse,80,19,ok,200.229,403.283,23993.946,60
sse,80,20,ok,202.511,404.699,24079.735,60
sse,80,21,ok,194.223,402.736,23955.640,60
sse,80,22,ok,189.901,402.755,23952.453,60
sse,80,23,ok,186.967,402.206,23917.141,60
sse,80,24,ok,187.795,403.544,23996.902,60
sse,80,25,ok,185.026,402.672,23942.658,60
sse,80,26,ok,180.820,403.560,23990.871,60
sse,80,27,ok,178.873,402.635,23934.320,60
sse,80,28,ok,173.799,403.581,23985.090,60
sse,80,29,ok,176.463,402.635,23931.924,60
sse,80,30,ok,363.447,405.867,24309.610,60
sse,80,31,ok,168.656,403.541,23977.546,60
sse,80,32,ok,165.440,402.681,23923.592,60
sse,80,33,ok,162.789,403.525,23970.778,60
sse,80,34,ok,347.853,405.933,24297.922,60
sse,80,35,ok,157.931,406.109,24118.389,60
sse,80,36,ok,153.370,403.239,23944.463,60
sse,80,37,ok,151.104,403.518,23958.674,60
sse,80,38,ok,150.685,404.947,24042.561,60
sse,80,39,ok,146.729,405.967,24098.804,60
sse,80,40,ok,144.499,405.960,24096.137,60
sse,80,41,ok,141.454,406.681,24135.619,60
sse,80,42,ok,137.933,408.446,24236.220,60
sse,80,43,ok,135.553,408.141,24215.865,60
sse,80,44,ok,331.135,406.214,24297.749,60
sse,80,45,ok,129.940,408.074,24206.294,60
sse,80,46,ok,325.245,406.229,24292.758,60
sse,80,47,ok,322.588,406.837,24325.983,60
sse,80,48,ok,319.518,406.820,24321.885,60
sse,80,49,ok,308.583,405.880,24255.513,60
sse,80,50,ok,314.111,407.034,24329.116,60
sse,80,51,ok,311.176,407.083,24329.062,60
sse,80,52,ok,308.402,406.209,24274.713,60
sse,80,53,ok,305.847,406.279,24276.283,60
sse,80,54,ok,303.020,407.057,24319.390,60
sse,80,55,ok,299.677,405.734,24237.982,60
sse,80,56,ok,297.141,406.221,24264.197,60
sse,80,57,ok,294.294,406.842,24297.985,60
sse,80,58,ok,291.353,407.029,24306.076,60
sse,80,59,ok,288.532,407.032,24303.412,60
sse,80,60,ok,285.429,406.078,24244.011,60
sse,80,61,ok,282.821,406.206,24249.003,60
sse,80,62,ok,279.913,406.187,24244.956,60
sse,80,63,ok,276.496,406.072,24234.729,60
sse,80,64,ok,273.784,406.063,24231.473,60
sse,80,65,ok,270.735,406.203,24236.732,60
sse,80,66,ok,267.628,406.201,24233.513,60
sse,80,67,ok,264.212,407.069,24281.256,60
sse,80,68,ok,261.258,407.019,24275.381,60
sse,80,69,ok,258.774,406.794,24259.648,60
sse,80,70,ok,256.426,406.187,24221.471,60
sse,80,71,ok,252.911,407.015,24266.812,60
sse,80,72,ok,250.045,407.024,24264.461,60
sse,80,73,ok,247.324,406.828,24250.180,60
sse,80,74,ok,244.359,407.025,24258.858,60
sse,80,75,ok,241.670,407.013,24255.465,60
sse,80,76,ok,239.064,406.181,24203.740,60
sse,80,77,ok,235.690,406.835,24238.937,60
sse,80,78,ok,233.070,407.035,24248.136,60
sse,80,79,ok,229.545,406.194,24194.971,60
ws,80,0,ok,64.711,407.697,24118.837,60
ws,80,1,ok,64.589,407.097,24083.321,60
ws,80,2,ok,64.043,407.842,24126.739,60
ws,80,3,ok,63.500,404.943,23955.160,60
ws,80,4,ok,63.079,406.697,24058.193,60
ws,80,5,ok,62.351,407.666,24114.661,60
ws,80,6,ok,62.322,407.534,24106.833,60
ws,80,7,ok,61.596,406.701,24056.968,60
ws,80,8,ok,61.085,407.682,24114.337,60
ws,80,9,ok,60.555,407.847,24123.553,60
ws,80,10,ok,60.536,407.842,24123.213,60
ws,80,11,ok,60.125,404.943,23951.772,60
ws,80,12,ok,60.267,407.239,24087.342,60
ws,80,13,ok,59.734,407.826,24121.476,60
ws,80,14,ok,60.500,410.156,24259.710,60
ws,80,15,ok,59.268,407.666,24111.581,60
ws,80,16,ok,58.905,406.216,24025.624,60
ws,80,17,ok,58.209,407.799,24118.357,60
ws,80,18,ok,57.419,406.210,24023.839,60
ws,80,19,ok,56.931,407.834,24119.164,60
ws,80,20,ok,56.399,407.652,24107.862,60
ws,80,21,ok,57.036,411.291,24323.190,60
ws,80,22,ok,55.704,407.822,24117.230,60
ws,80,23,ok,55.172,406.209,24021.499,60
ws,80,24,ok,54.738,407.245,24082.189,60
ws,80,25,ok,54.271,407.660,24106.227,60
ws,80,26,ok,55.022,408.359,24148.224,60
ws,80,27,ok,54.563,411.022,24304.869,60
ws,80,28,ok,53.397,407.831,24115.428,60
ws,80,29,ok,53.021,407.833,24115.174,60
ws,80,30,ok,31.958,407.237,24058.934,60
ws,80,31,ok,31.611,407.655,24083.256,60
ws,80,32,ok,31.296,404.942,23922.852,60
ws,80,33,ok,32.189,411.281,24297.769,60
ws,80,34,ok,31.506,409.686,24202.985,60
ws,80,35,ok,30.771,407.831,24092.779,60
ws,80,36,ok,30.541,407.800,24090.715,60
ws,80,37,ok,30.244,407.825,24091.896,60
ws,80,38,ok,29.952,406.214,23996.564,60
ws,80,39,ok,30.815,408.343,24123.071,60
ws,80,40,ok,31.290,411.269,24296.132,60
ws,80,41,ok,29.442,407.637,24080.041,60
ws,80,42,ok,29.226,407.649,24080.540,60
ws,80,43,ok,28.934,407.087,24047.068,60
ws,80,44,ok,28.690,407.835,24090.969,60
ws,80,45,ok,28.487,404.944,23920.194,60
ws,80,46,ok,28.225,407.670,24080.750,60
ws,80,47,ok,28.003,407.238,24055.024,60
ws,80,48,ok,29.550,411.279,24295.034,60
ws,80,49,ok,29.336,411.047,24281.137,60
ws,80,50,ok,29.125,411.272,24294.172,60
ws,80,51,ok,28.915,411.254,24292.895,60
ws,80,52,ok,28.724,411.255,24292.780,60
ws,80,53,ok,28.452,409.667,24198.781,60
ws,80,54,ok,28.219,411.019,24278.361,60
ws,80,55,ok,27.731,411.284,24293.486,60
ws,80,56,ok,27.522,410.149,24226.305,60
ws,80,57,ok,27.310,411.052,24279.390,60
ws,80,58,ok,27.098,408.352,24119.877,60
ws,80,59,ok,26.905,410.550,24249.341,60
ws,80,60,ok,26.714,410.687,24257.250,60
ws,80,61,ok,26.424,411.061,24279.014,60
ws,80,62,ok,25.871,408.345,24118.204,60
ws,80,63,ok,26.631,410.681,24256.819,60
ws,80,64,ok,26.394,411.277,24291.745,60
ws,80,65,ok,26.151,410.672,24255.779,60
ws,80,66,ok,25.958,410.542,24247.935,60
ws,80,67,ok,25.774,409.667,24196.122,60
ws,80,68,ok,25.554,410.680,24255.679,60
ws,80,69,ok,25.344,411.060,24277.856,60
ws,80,70,ok,25.146,411.271,24290.118,60
ws,80,71,ok,24.956,411.038,24276.219,60
ws,80,72,ok,24.754,411.048,24276.584,60
ws,80,73,ok,24.559,411.276,24289.817,60
ws,80,74,ok,24.368,409.665,24194.629,60
ws,80,75,ok,24.133,410.979,24271.910,60
ws,80,76,ok,23.944,411.025,24274.427,60
ws,80,77,ok,23.749,411.276,24289.011,60
ws,80,78,ok,23.561,411.053,24275.699,60
ws,80,79,ok,23.367,411.272,24288.408,60
sse,90,0,ok,309.061,452.888,27029.448,60
sse,90,1,ok,299.235,453.580,27060.465,60
sse,90,2,ok,294.957,452.833,27012.104,60
sse,90,3,ok,283.948,450.721,26876.472,60
sse,90,4,ok,281.882,449.399,26796.425,60
sse,90,5,ok,276.856,456.992,27239.383,60
sse,90,6,ok,270.217,458.411,27316.477,60
sse,90,7,ok,265.819,456.517,27200.315,60
sse,90,8,ok,262.166,447.734,26678.457,60
sse,90,9,ok,260.720,456.467,27192.274,60
sse,90,10,ok,254.444,438.800,26143.618,60
sse,90,11,ok,251.246,449.333,26761.902,60
sse,90,12,ok,247.349,450.812,26845.232,60
sse,90,13,ok,247.020,454.795,27079.947,60
sse,90,14,ok,246.956,450.707,26838.658,60
sse,90,15,ok,242.455,449.250,26748.209,60
sse,90,16,ok,239.062,456.423,27168.041,60
sse,90,17,ok,236.435,453.528,26994.582,60
sse,90,18,ok,232.734,447.665,26644.941,60
sse,90,19,ok,233.968,457.693,27237.870,60
sse,90,20,ok,229.669,452.800,26944.856,60
sse,90,21,ok,228.335,456.357,27153.374,60
sse,90,22,ok,223.475,456.384,27150.150,60
sse,90,23,ok,220.751,457.733,27226.998,60
sse,90,24,ok,215.626,451.243,26838.988,60
sse,90,25,ok,214.687,452.781,26928.744,60
sse,90,26,ok,422.503,458.278,27460.912,60
sse,90,27,ok,212.040,460.277,27368.366,60
sse,90,28,ok,208.032,460.835,27397.271,60
sse,90,29,ok,203.559,460.404,27367.417,60
sse,90,30,ok,201.853,452.778,26915.784,60
sse,90,31,ok,199.403,451.177,26818.835,60
sse,90,32,ok,195.910,463.459,27539.963,60
sse,90,33,ok,191.550,457.729,27197.557,60
sse,90,34,ok,193.541,456.287,27114.469,60
sse,90,35,ok,188.871,458.207,27223.057,60
sse,90,36,ok,187.012,458.191,27220.260,60
sse,90,37,ok,183.160,454.095,26974.794,60
sse,90,38,ok,181.180,459.850,27312.329,60
sse,90,39,ok,177.197,454.634,27000.574,60
sse,90,40,ok,172.805,456.879,27128.692,60
sse,90,41,ok,174.577,458.181,27207.254,60
sse,90,42,ok,170.178,456.315,27092.750,60
sse,90,43,ok,168.666,458.177,27201.122,60
sse,90,44,ok,165.758,460.760,27350.619,60
sse,90,45,ok,161.560,461.721,27403.105,60
sse,90,46,ok,157.883,454.606,26979.618,60
sse,90,47,ok,155.345,461.178,27364.826,60
sse,90,48,ok,152.839,458.193,27186.227,60
sse,90,49,ok,149.755,459.842,27280.448,60
sse,90,50,ok,146.418,460.405,27310.312,60
sse,90,51,ok,546.892,454.344,27353.205,60
sse,90,52,ok,545.783,460.073,27690.107,60
sse,90,53,ok,541.101,457.928,27558.849,60
sse,90,54,ok,539.939,456.535,27475.515,60
sse,90,55,ok,536.831,458.436,27584.553,60
sse,90,56,ok,532.055,457.933,27550.074,60
sse,90,57,ok,527.408,456.560,27464.423,60
sse,90,58,ok,527.571,460.091,27672.941,60
sse,90,59,ok,525.058,458.461,27574.258,60
sse,90,60,ok,521.162,457.901,27537.294,60
sse,90,61,ok,517.118,460.982,27715.029,60
sse,90,62,ok,514.034,457.449,27503.526,60
sse,90,63,ok,513.137,460.954,27709.438,60
sse,90,64,ok,507.771,456.553,27444.412,60
sse,90,65,ok,507.618,456.536,27443.236,60
sse,90,66,ok,504.380,456.536,27440.011,60
sse,90,67,ok,501.188,457.879,27516.048,60
sse,90,68,ok,499.037,452.955,27223.388,60
sse,90,69,ok,495.936,456.507,27429.845,60
sse,90,70,ok,493.540,456.552,27430.117,60
sse,90,71,ok,489.548,460.091,27634.899,60
sse,90,72,ok,488.372,460.485,27657.004,60
sse,90,73,ok,485.206,456.919,27443.446,60
sse,90,74,ok,482.830,458.424,27529.833,60
sse,90,75,ok,478.739,454.859,27315.407,60
sse,90,76,ok,474.685,457.872,27489.146,60
sse,90,77,ok,471.793,458.447,27520.180,60
sse,90,78,ok,470.001,457.002,27433.116,60
sse,90,79,ok,466.682,456.551,27403.198,60
sse,90,80,ok,463.712,454.855,27300.176,60
sse,90,81,ok,461.186,458.417,27507.780,60
sse,90,82,ok,458.034,460.960,27654.661,60
sse,90,83,ok,456.313,460.042,27598.804,60
sse,90,84,ok,452.599,457.855,27466.022,60
sse,90,85,ok,450.300,460.055,27593.538,60
sse,90,86,ok,446.680,457.876,27461.376,60
sse,90,87,ok,444.240,458.415,27490.750,60
sse,90,88,ok,441.045,456.535,27376.620,60
sse,90,89,ok,438.482,458.416,27485.016,60
ws,90,0,ok,71.607,458.187,27104.637,60
ws,90,1,ok,71.818,464.161,27457.344,60
ws,90,2,ok,71.231,460.714,27253.350,60
ws,90,3,ok,70.703,465.104,27511.811,60
ws,90,4,ok,70.189,457.039,27035.514,60
ws,90,5,ok,69.603,460.833,27258.744,60
ws,90,6,ok,68.970,458.169,27100.949,60
ws,90,7,ok,68.312,465.270,27519.216,60
ws,90,8,ok,68.218,461.680,27307.360,60
ws,90,9,ok,67.798,460.611,27243.832,60
ws,90,10,ok,68.116,458.152,27099.062,60
ws,90,11,ok,67.568,461.669,27306.055,60
ws,90,12,ok,67.098,454.713,26895.144,60
ws,90,13,ok,66.569,461.633,27302.940,60
ws,90,14,ok,66.067,461.713,27307.152,60
ws,90,15,ok,66.448,468.687,27718.977,60
ws,90,16,ok,65.559,471.081,27859.344,60
ws,90,17,ok,64.985,465.101,27505.951,60
ws,90,18,ok,64.466,467.622,27654.137,60
ws,90,19,ok,63.988,461.646,27301.106,60
ws,90,20,ok,63.538,467.636,27654.053,60
ws,90,21,ok,63.091,461.730,27305.150,60
ws,90,22,ok,63.510,465.109,27504.938,60
ws,90,23,ok,62.622,465.225,27510.888,60
ws,90,24,ok,62.196,461.714,27303.321,60
ws,90,25,ok,61.543,454.675,26887.362,60
ws,90,26,ok,61.654,458.139,27091.874,60
ws,90,27,ok,60.151,447.568,26466.686,60
ws,90,28,ok,59.627,457.253,27037.534,60
ws,90,29,ok,59.418,458.152,27090.377,60
ws,90,30,ok,58.926,461.715,27300.102,60
ws,90,31,ok,59.037,461.705,27299.660,60
ws,90,32,ok,57.773,458.156,27088.968,60
ws,90,33,ok,57.429,465.094,27497.962,60
ws,90,34,ok,56.893,465.247,27506.444,60
ws,90,35,ok,57.321,465.109,27498.724,60
ws,90,36,ok,56.484,461.729,27298.470,60
ws,90,37,ok,56.137,467.624,27645.962,60
ws,90,38,ok,55.713,465.251,27505.512,60
ws,90,39,ok,55.240,460.701,27236.621,60
ws,90,40,ok,55.003,467.933,27663.037,60
ws,90,41,ok,54.563,465.125,27496.927,60
ws,90,42,ok,54.153,465.253,27504.073,60
ws,90,43,ok,53.890,467.715,27649.060,60
ws,90,44,ok,54.166,461.657,27291.957,60
ws,90,45,ok,53.083,464.152,27438.051,60
ws,90,46,ok,52.873,468.679,27704.943,60
ws,90,47,ok,54.592,468.663,27705.738,60
ws,90,48,ok,268.630,465.018,27704.705,60
ws,90,49,ok,53.158,464.024,27430.590,60
ws,90,50,ok,53.238,468.806,27712.790,60
ws,90,51,ok,53.015,465.187,27499.044,60
ws,90,52,ok,52.673,468.657,27703.428,60
ws,90,53,ok,52.266,464.361,27449.543,60
ws,90,54,ok,51.961,458.053,27077.067,60
ws,90,55,ok,51.675,461.690,27291.400,60
ws,90,56,ok,51.458,465.225,27499.712,60
ws,90,57,ok,51.081,465.189,27497.249,60
ws,90,58,ok,50.751,468.652,27701.216,60
ws,90,59,ok,50.139,468.754,27706.600,60
ws,90,60,ok,49.316,467.605,27638.023,60
ws,90,61,ok,49.031,468.762,27705.963,60
ws,90,62,ok,48.750,465.231,27497.354,60
ws,90,63,ok,48.459,467.613,27637.618,60
ws,90,64,ok,48.171,468.800,27707.373,60
ws,90,65,ok,47.885,458.089,27075.117,60
ws,90,66,ok,47.603,460.584,27222.055,60
ws,90,67,ok,47.321,468.667,27698.683,60
ws,90,68,ok,46.974,468.802,27706.283,60
ws,90,69,ok,46.681,465.106,27487.908,60
ws,90,70,ok,46.412,468.664,27697.616,60
ws,90,71,ok,46.113,465.208,27493.384,60
ws,90,72,ok,45.853,464.124,27429.149,60
ws,90,73,ok,45.598,461.711,27286.570,60
ws,90,74,ok,45.304,468.661,27696.275,60
ws,90,75,ok,45.052,465.076,27484.512,60
ws,90,76,ok,44.803,465.077,27484.324,60
ws,90,77,ok,44.532,465.234,27493.340,60
ws,90,78,ok,43.892,454.692,26870.695,60
ws,90,79,ok,43.616,465.234,27492.432,60
ws,90,80,ok,43.361,467.784,27642.620,60
ws,90,81,ok,44.146,465.226,27492.482,60
ws,90,82,ok,44.466,467.608,27633.315,60
ws,90,83,ok,44.211,467.587,27631.864,60
ws,90,84,ok,43.958,461.603,27278.556,60
ws,90,85,ok,43.706,468.646,27693.824,60
ws,90,86,ok,43.452,461.680,27282.564,60
ws,90,87,ok,43.186,468.677,27695.109,60
ws,90,88,ok,42.924,472.109,27897.328,60
ws,90,89,ok,42.468,465.218,27490.349,60
sse,100,0,timeout,,,,0
sse,100,1,timeout,,,,0
sse,100,2,timeout,,,,0
sse,100,3,timeout,,,,0
sse,100,4,timeout,,,,0
sse,100,5,timeout,,,,0
sse,100,6,timeout,,,,0
sse,100,7,timeout,,,,0
sse,100,8,timeout,,,,0
sse,100,9,timeout,,,,0
sse,100,10,timeout,,,,0
sse,100,11,timeout,,,,0
sse,100,12,timeout,,,,0
sse,100,13,timeout,,,,0
sse,100,14,timeout,,,,0
sse,100,15,timeout,,,,0
sse,100,16,timeout,,,,0
sse,100,17,timeout,,,,0
sse,100,18,timeout,,,,0
sse,100,19,timeout,,,,0
sse,100,20,timeout,,,,0
sse,100,21,timeout,,,,0
sse,100,22,timeout,,,,0
sse,100,23,timeout,,,,0
sse,100,24,timeout,,,,0
sse,100,25,timeout,,,,0
sse,100,26,timeout,,,,0
sse,100,27,timeout,,,,0
sse,100,28,timeout,,,,0
sse,100,29,timeout,,,,0
sse,100,30,timeout,,,,0
sse,100,31,timeout,,,,0
sse,100,32,timeout,,,,0
sse,100,33,timeout,,,,0
sse,100,34,timeout,,,,0
sse,100,35,timeout,,,,0
sse,100,36,timeout,,,,0
sse,100,37,timeout,,,,0
sse,100,38,timeout,,,,0
sse,100,39,timeout,,,,0
sse,100,40,timeout,,,,0
sse,100,41,timeout,,,,0
sse,100,42,timeout,,,,0
sse,100,43,timeout,,,,0
sse,100,44,timeout,,,,0
sse,100,45,timeout,,,,0
sse,100,46,timeout,,,,0
sse,100,47,timeout,,,,0
sse,100,48,timeout,,,,0
sse,100,49,timeout,,,,0
sse,100,50,timeout,,,,0
sse,100,51,timeout,,,,0
sse,100,52,timeout,,,,0
sse,100,53,timeout,,,,0
sse,100,54,timeout,,,,0
sse,100,55,timeout,,,,0
sse,100,56,timeout,,,,0
sse,100,57,timeout,,,,0
sse,100,58,timeout,,,,0
sse,100,59,timeout,,,,0
sse,100,60,timeout,,,,0
sse,100,61,timeout,,,,0
sse,100,62,timeout,,,,0
sse,100,63,timeout,,,,0
sse,100,64,timeout,,,,0
sse,100,65,timeout,,,,0
sse,100,66,timeout,,,,0
sse,100,67,timeout,,,,0
sse,100,68,timeout,,,,0
sse,100,69,timeout,,,,0
sse,100,70,timeout,,,,0
sse,100,71,timeout,,,,0
sse,100,72,timeout,,,,0
sse,100,73,timeout,,,,0
sse,100,74,timeout,,,,0
sse,100,75,timeout,,,,0
sse,100,76,timeout,,,,0
sse,100,77,timeout,,,,0
sse,100,78,timeout,,,,0
sse,100,79,timeout,,,,0
sse,100,80,timeout,,,,0
sse,100,81,timeout,,,,0
sse,100,82,timeout,,,,0
sse,100,83,timeout,,,,0
sse,100,84,timeout,,,,0
sse,100,85,timeout,,,,0
sse,100,86,timeout,,,,0
sse,100,87,timeout,,,,0
sse,100,88,timeout,,,,0
sse,100,89,timeout,,,,0
sse,100,90,timeout,,,,0
sse,100,91,timeout,,,,0
sse,100,92,timeout,,,,0
sse,100,93,timeout,,,,0
sse,100,94,timeout,,,,0
sse,100,95,timeout,,,,0
sse,100,96,timeout,,,,0
sse,100,97,timeout,,,,0
sse,100,98,timeout,,,,0
sse,100,99,timeout,,,,0
ws,100,0,timeout,,,,0
ws,100,1,timeout,,,,0
ws,100,2,timeout,,,,0
ws,100,3,timeout,,,,0
ws,100,4,timeout,,,,0
ws,100,5,timeout,,,,0
ws,100,6,timeout,,,,0
ws,100,7,timeout,,,,0
ws,100,8,timeout,,,,0
ws,100,9,timeout,,,,0
ws,100,10,timeout,,,,0
ws,100,11,timeout,,,,0
ws,100,12,timeout,,,,0
ws,100,13,timeout,,,,0
ws,100,14,timeout,,,,0
ws,100,15,timeout,,,,0
ws,100,16,timeout,,,,0
ws,100,17,timeout,,,,0
ws,100,18,timeout,,,,0
ws,100,19,timeout,,,,0
ws,100,20,timeout,,,,0
ws,100,21,timeout,,,,0
ws,100,22,timeout,,,,0
ws,100,23,timeout,,,,0
ws,100,24,timeout,,,,0
ws,100,25,timeout,,,,0
ws,100,26,timeout,,,,0
ws,100,27,timeout,,,,0
ws,100,28,timeout,,,,0
ws,100,29,timeout,,,,0
ws,100,30,timeout,,,,0
ws,100,31,timeout,,,,0
ws,100,32,timeout,,,,0
ws,100,33,timeout,,,,0
ws,100,34,timeout,,,,0
ws,100,35,timeout,,,,0
ws,100,36,timeout,,,,0
ws,100,37,timeout,,,,0
ws,100,38,timeout,,,,0
ws,100,39,timeout,,,,0
ws,100,40,timeout,,,,0
ws,100,41,timeout,,,,0
ws,100,42,timeout,,,,0
ws,100,43,timeout,,,,0
ws,100,44,timeout,,,,0
ws,100,45,timeout,,,,0
ws,100,46,timeout,,,,0
ws,100,47,timeout,,,,0
ws,100,48,timeout,,,,0
ws,100,49,timeout,,,,0
ws,100,50,timeout,,,,0
ws,100,51,timeout,,,,0
ws,100,52,timeout,,,,0
ws,100,53,timeout,,,,0
ws,100,54,timeout,,,,0
ws,100,55,timeout,,,,0
ws,100,56,timeout,,,,0
ws,100,57,timeout,,,,0
ws,100,58,timeout,,,,0
ws,100,59,timeout,,,,0
ws,100,60,timeout,,,,0
ws,100,61,timeout,,,,0
ws,100,62,timeout,,,,0
ws,100,63,timeout,,,,0
ws,100,64,timeout,,,,0
ws,100,65,timeout,,,,0
ws,100,66,timeout,,,,0
ws,100,67,timeout,,,,0
ws,100,68,timeout,,,,0
ws,100,69,timeout,,,,0
ws,100,70,timeout,,,,0
ws,100,71,timeout,,,,0
ws,100,72,timeout,,,,0
ws,100,73,timeout,,,,0
ws,100,74,timeout,,,,0
ws,100,75,timeout,,,,0
ws,100,76,timeout,,,,0
ws,100,77,timeout,,,,0
ws,100,78,timeout,,,,0
ws,100,79,timeout,,,,0
ws,100,80,timeout,,,,0
ws,100,81,timeout,,,,0
ws,100,82,timeout,,,,0
ws,100,83,timeout,,,,0
ws,100,84,timeout,,,,0
ws,100,85,timeout,,,,0
ws,100,86,timeout,,,,0
ws,100,87,timeout,,,,0
ws,100,88,timeout,,,,0
ws,100,89,timeout,,,,0
ws,100,90,timeout,,,,0
ws,100,91,timeout,,,,0
ws,100,92,timeout,,,,0
ws,100,93,timeout,,,,0
ws,100,94,timeout,,,,0
ws,100,95,timeout,,,,0
ws,100,96,timeout,,,,0
ws,100,97,timeout,,,,0
ws,100,98,timeout,,,,0
ws,100,99,timeout,,,,0
